"","internal.gene_id","gr.row","X","Chr","Start","End","Strand","Length","vectorbase.RU","orthoDB.collapsed","flybase.fbpp.collapsed","flybase.fbgn.collapsed","flybase.annot.collapsed","flybase.gene.collapsed","display.name","gene.family","gene.family.specific","dmel.blastx.fbpp","dmel.blastx.fbgn","dmel.blastx.annot","dmel.blastx.gene","dmel.blastx.evalues","reason"
"1","gene10205",1,"gene10205","supercont1.475","858816","859148","-",333,"AAEL010400",NA,NA,NA,NA,NA,"","","",NA,NA,NA,NA,NA,""
"2","gene10253",1,"gene10253","supercont1.348;supercont1.348;supercont1.348;supercont1.348;supercont1.348;supercont1.348;supercont1.348;supercont1.348;supercont1.348;supercont1.348;supercont1.348;supercont1.348;supercont1.348;supercont1.348","733407;735571;744985;745182;745511;745791;746074;746389;753365;753792;761451;762090;762190;762662","735503;744911;745122;745454;745720;746010;746244;746625;753511;754075;761504;762129;762493;762710","-;-;-;-;-;-;-;-;-;-;-;-;-;-",13565,"AAEL008773","EOG8TF39F","FBpp0076722","FBgn0002526","CG10236","LanA","","","","FBpp0076722-FBpp0076111-FBpp0291871-FBpp0079114","FBgn0002526-FBgn0267348-FBgn0261563-FBgn0261800","CG10236-CG3322-CG42677-CG7123","LanA-LanB2-wb-LanB1","0-2e-119-9e-104-3e-81",""
"3","gene10550",2,"gene10550","supercont1.213;supercont1.213;supercont1.213;supercont1.213;supercont1.213","509862;510799;527105;539479;557252","510685;510925;528343;541717;557876","+;+;+;+;+",5054,"AAEL006600",NA,NA,NA,NA,NA,"","","","FBpp0080993-FBpp0090945-FBpp0312336-FBpp0289589-FBpp0078912-FBpp0074596-FBpp0081915-FBpp0088587-FBpp0084196-FBpp0081913-FBpp0081914-FBpp0074289","FBgn0032913-FBgn0053509-FBgn0053511-FBgn0053510-FBgn0031801-FBgn0036956-FBgn0037934-FBgn0039313-FBgn0039310-FBgn0037936-FBgn0037935-FBgn0030895","CG9259-CG33509-CG33511-CG33510-CG9498-CG13813-CG6830-CG11892-CG11878-CG6908-CG6834-CG7135","CG9259-CG33509-CG33511-CG33510-CG9498-CG13813-CG6830-CG11892-CG11878-CG6908-CG6834-CG7135","3e-80-8e-32-2e-30-8e-26-4e-24-3e-22-1e-19-1e-19-8e-19-2e-14-8e-14-3e-13",""
"4","gene1062",2,"gene1062","supercont1.738;supercont1.738;supercont1.738;supercont1.738;supercont1.738","196983;201403;202095;202856;210426","197742;202029;202280;205400;211099","-;-;-;-;-",4792,"AAEL012762",NA,NA,NA,NA,NA,"","","","FBpp0081379-FBpp0085074-FBpp0082136-FBpp0073352-FBpp0070094-FBpp0070371-FBpp0070410-FBpp0073845","FBgn0037601-FBgn0015032-FBgn0038076-FBgn0030304-FBgn0010019-FBgn0011576-FBgn0023541-FBgn0030615","CG9716-CG1438-CG6802-CG11715-CG3972-CG3466-CG3540-CG9081","Cyp313b1-Cyp4c3-Cyp313a4-Cyp4g15-Cyp4g1-Cyp4d2-Cyp4d14-Cyp4s3","2e-67-3e-67-7e-64-4e-59-2e-58-8e-56-2e-55-2e-50",""
"5","gene11032",3,"gene11032","supercont1.242;supercont1.242;supercont1.242;supercont1.242;supercont1.242;supercont1.242;supercont1.242;supercont1.242;supercont1.242","1410183;1448307;1454705;1487219;1509193;1509911;1510336;1517119;1522447","1410652;1448971;1454920;1487627;1509839;1510276;1510492;1518665;1523961","+;+;+;+;+;+;+;+;+",5992,"AAEL007197","EOG8QG050","FBpp0302706","FBgn0263776","CG43693","CG43693","","","","FBpp0302700-FBpp0079271","FBgn0263776-FBgn0032036","CG43693-CG13384","CG43693-CG13384","0-1e-153",""
"6","gene11123",3,"gene11123","supercont1.869;supercont1.869;supercont1.869;supercont1.869","375821;376052;376500;376824","375992;376444;376764;377964","+;+;+;+",1971,"AAEL013554",NA,NA,NA,NA,NA,"","","","FBpp0078701-FBpp0078703-FBpp0087674-FBpp0289683-FBpp0087673-FBpp0087672-FBpp0070371-FBpp0085074-FBpp0070410","FBgn0031693-FBgn0031695-FBgn0033397-FBgn0031694-FBgn0015037-FBgn0033395-FBgn0011576-FBgn0015032-FBgn0023541","CG14032-CG14031-CG10843-CG17970-CG10842-CG1944-CG3466-CG1438-CG3540","Cyp4ac1-Cyp4ac3-Cyp4p3-Cyp4ac2-Cyp4p1-Cyp4p2-Cyp4d2-Cyp4c3-Cyp4d14","3e-105-2e-103-2e-103-4e-103-4e-100-2e-96-3e-91-5e-91-4e-82",""
"7","gene11153",4,"gene11153","supercont1.288;supercont1.288;supercont1.288;supercont1.288","273272;304476;304675;305296","273893;304611;305234;306551","+;+;+;+",2574,"AAEL007892",NA,NA,NA,NA,NA,"","","","FBpp0080509-FBpp0082118","FBgn0026150-FBgn0038072","CG6291-CG6225","ApepP-CG6225","0-1e-102",""
"8","gene11529",1,"gene11529","supercont1.11;supercont1.11;supercont1.11;supercont1.11;supercont1.11;supercont1.11;supercont1.11;supercont1.11;supercont1.11","2246569;2249362;2269496;2270069;2270284;2270560;2274405;2274647;2281452","2247095;2249490;2270005;2270214;2270497;2270919;2274581;2274825;2281759","+;+;+;+;+;+;+;+;+",2550,"AAEL000589","EOG8PZMZ4","FBpp0082840","FBgn0266465","CG5169","GckIII","","","","FBpp0082840-FBpp0085688-FBpp0085691-FBpp0305556","FBgn0266465-FBgn0261456-FBgn0263395-FBgn0010909","CG5169-CG11228-CG7097-CG16973","GckIII-hpo-hppy-msn","0-4e-80-3e-65-1e-63",""
"9","gene11683",4,"gene11683","supercont1.697;supercont1.697;supercont1.697;supercont1.697;supercont1.697","272423;273488;275829;295236;296230","273258;275758;275873;296171;296302","+;+;+;+;+",4161,"AAEL012439","EOG8SR0NS","FBpp0070006","FBgn0031092","CG9577","CG9577","","","","FBpp0070006-FBpp0086769-FBpp0086993-FBpp0072484-FBpp0082063-FBpp0079474-FBpp0079454-FBpp0086132","FBgn0031092-FBgn0033879-FBgn0033761-FBgn0035169-FBgn0038049-FBgn0032161-FBgn0028479-FBgn0034191","CG9577-CG6543-CG8778-CG13890-CG5844-CG4594-CG4389-CG6984","CG9577-CG6543-CG8778-CG13890-CG5844-CG4594-Mtpalpha-CG6984","2e-127-2e-23-3e-20-2e-13-6e-11-2e-10-2e-09-3e-09",""
"10","gene11739",1,"gene11739","supercont1.14;supercont1.14;supercont1.14;supercont1.14;supercont1.14;supercont1.14;supercont1.14;supercont1.14;supercont1.14","796472;824048;824937;826345;838070;839394;847172;879948;904805","805776;824738;826267;826499;838801;839888;848859;879974;906664","-;-;-;-;-;-;-;-;-",16284,"AAEL000712","EOG89S8XX-EOG89S8XX","FBpp0080014-FBpp0088895","FBgn0032473-FBgn0262160","CG5204-CG9932","CG5204-CG9932","","","","FBpp0301960-FBpp0080014-FBpp0289959-FBpp0308848","FBgn0262160-FBgn0032473-FBgn0028647-FBgn0029939","CG9932-CG5204-CG11902-CG9650","CG9932-CG5204-CG11902-CG9650","3e-62-3e-54-6e-06-9e-05",""
"11","gene11746",4,"gene11746","supercont1.14;supercont1.14;supercont1.14;supercont1.14;supercont1.14;supercont1.14","319525;336700;338872;347565;362831;363325","320058;337824;339211;347751;363178;363887","-;-;-;-;-;-",3097,"AAEL000714","EOG8Q5CF5","FBpp0290531","FBgn0026438","CG3159","Eaat2","","","","FBpp0077707-FBpp0079400","FBgn0026438-FBgn0026439","CG3159-CG3747","Eaat2-Eaat1","2e-170-1e-65",""
"12","gene11836",3,"gene11836","supercont1.16;supercont1.16;supercont1.16","283224;283428;283874","283364;283868;285283","+;+;+",1992,"AAEL000765","EOG805VRG-EOG805VRG-EOG805VRG-EOG805VRG","FBpp0077690-FBpp0073484-FBpp0088363-FBpp0072365","FBgn0002563-FBgn0002562-FBgn0002565-FBgn0002564","CG4178-CG2559-CG6806-CG6821","Lsp1beta-Lsp1alpha-Lsp2-Lsp1gamma","","","","FBpp0077690-FBpp0072365-FBpp0088363-FBpp0073484-FBpp0291496-FBpp0087744-FBpp0291497-FBpp0301841","FBgn0002563-FBgn0002564-FBgn0002565-FBgn0002562-FBgn0261363-FBgn0033367-FBgn0283437-FBgn0036782","CG4178-CG6821-CG6806-CG2559-CG42640-CG8193-CG42639-CG7320","Lsp1beta-Lsp1gamma-Lsp2-Lsp1alpha-PPO3-PPO2-PPO1-CG7320","4e-169-2e-158-9e-134-4e-124-4e-63-1e-62-4e-51-6e-41",""
"13","gene11853",1,"gene11853","supercont1.16;supercont1.16;supercont1.16;supercont1.16;supercont1.16;supercont1.16","3784205;3788180;3788457;3788745;3788937;3814927","3785652;3788391;3788672;3788870;3792340;3815965","-;-;-;-;-;-",6445,"AAEL000794","EOG8FR3GT","FBpp0086380","FBgn0034087","CG8443","clu","","","","FBpp0086380-FBpp0075683","FBgn0034087-FBgn0010235","CG8443-CG5433","clu-Klc","0-1e-04",""
"14","gene1200",3,"gene1200","supercont1.705;supercont1.705;supercont1.705;supercont1.705","186296;241965;242302;242847","186507;242238;242782;243159","-;-;-;-",1280,"AAEL012525","EOG85TGDK","FBpp0078992","FBgn0031873","CG9207","Gas41","","","","FBpp0078992-FBpp0082538-FBpp0079312-FBpp0070481","FBgn0031873-FBgn0026441-FBgn0027490-FBgn0025838","CG9207-CG4913-CG13400-CG2652","Gas41-ear-D12-CG2652","6e-120-6e-12-2e-10-3e-06",""
"15","gene12014",2,"gene12014","supercont1.416;supercont1.416;supercont1.416;supercont1.416","108626;119404;143575;146036","109867;121750;145815;146487","-;-;-;-",6282,"AAEL009662","EOG8F20TB","FBpp0083688","FBgn0038968","CG12499","CG12499","","","","FBpp0083688","FBgn0038968","CG12499","CG12499","0",""
"16","gene12041",4,"gene12041","supercont1.88;supercont1.88;supercont1.88;supercont1.88;supercont1.88;supercont1.88","895070;911142;915509;931831;934845;935132","895120;911278;916501;934246;935071;936529","+;+;+;+;+;+",5222,"AAEL003497","EOG86433Q","FBpp0087266","FBgn0025373","CG12389","Fpps","","","","FBpp0087266","FBgn0025373","CG12389","Fpps","3.00E-174",""
"17","gene12277",1,"gene12277","supercont1.121;supercont1.121;supercont1.121;supercont1.121;supercont1.121;supercont1.121;supercont1.121;supercont1.121;supercont1.121;supercont1.121","2039857;2041209;2041858;2055654;2055807;2058851;2064326;2064755;2065684;2067546","2040054;2041572;2042132;2055731;2055929;2058963;2064688;2065071;2066876;2068197","+;+;+;+;+;+;+;+;+;+",3676,"AAEL004501","EOG8WT02B","FBpp0088446","FBgn0005278","CG2674","Sam-S","","","","FBpp0088445","FBgn0005278","CG2674","Sam-S","0",""
"18","gene12283",2,"gene12283","supercont1.121","2067411","2067593","+",183,"AAEL004498",NA,NA,NA,NA,NA,"","","",NA,NA,NA,NA,NA,""
"19","gene12318",1,"gene12318","supercont1.599","245806","246117","-",312,"AAEL011660",NA,NA,NA,NA,NA,"","","",NA,NA,NA,NA,NA,""
"20","gene12363",1,"gene12363","supercont1.43;supercont1.43;supercont1.43;supercont1.43;supercont1.43;supercont1.43","2370553;2377683;2387221;2406437;2406788;2407007","2371082;2378049;2388113;2406603;2406931;2408287","+;+;+;+;+;+",3382,"AAEL001798","EOG8FFGTH","FBpp0080414","FBgn0024734","CG4993","PRL-1","","","","FBpp0080413-FBpp0290545-FBpp0290736-FBpp0080801","FBgn0024734-FBgn0031952-FBgn0026379-FBgn0000464","CG4993-CG7134-CG5671-CG10443","PRL-1-cdc14-Pten-Lar","7e-107-2e-09-0.003-0.005",""
"21","gene12614",2,"gene12614","supercont1.131;supercont1.131","591254;591485","591421;593989","+;+",2673,"AAEL004818","EOG8VT8NT","FBpp0081001","FBgn0032925","CG9246","CG9246","","","","FBpp0081001","FBgn0032925","CG9246","CG9246","0",""
"22","gene12647",1,"gene12647","supercont1.216;supercont1.216","1006962;1103196","1007324;1103301","+;+",469,"AAEL006685","EOG8X0QKM","FBpp0312039","FBgn0267252","CG3694","Ggamma30A","","","","FBpp0079395-FBpp0087727","FBgn0267252-FBgn0004921","CG3694-CG8261","Ggamma30A-Ggamma1","6e-42-5e-07",""
"23","gene12721",4,"gene12721","supercont1.362;supercont1.362","1357170;1359073","1359006;1359650","+;+",2415,"AAEL009020","EOG8FBMKC-EOG8FBMKC-EOG8FBMKC","FBpp0289447-FBpp0087548-FBpp0087549","FBgn0031117-FBgn0050000-FBgn0050005","CG1702-CG30000-CG30005","GstT3-GstT1-GstT2","","","","FBpp0077002-FBpp0087548-FBpp0073609-FBpp0087549-FBpp0072341","FBgn0031117-FBgn0050000-FBgn0030484-FBgn0050005-FBgn0027590","CG1702-CG30000-CG1681-CG30005-CG16936","GstT3-GstT1-GstT4-GstT2-GstE12","2e-69-3e-62-2e-54-7e-54-1e-15",""
"24","gene12757",1,"gene12757","supercont1.44;supercont1.44;supercont1.44;supercont1.44;supercont1.44","3029251;3029639;3146686;3161070;3161221","3029264;3030273;3146740;3161151;3162756","+;+;+;+;+",2322,"AAEL001875","EOG8X9B8T","FBpp0303237","FBgn0263355","CG31688","CG31688","","","","FBpp0271886","FBgn0263355","CG31688","CG31688","9.00E-113",""
"25","gene12776",2,"gene12776","supercont1.64;supercont1.64","1782749;1784508","1784426;1784775","-;-",1946,"AAEL002686",NA,NA,NA,NA,NA,"","","","FBpp0071657-FBpp0077068-FBpp0071636-FBpp0071658-FBpp0082425-FBpp0074713-FBpp0297782-FBpp0080249-FBpp0075456-FBpp0312566","FBgn0034661-FBgn0031619-FBgn0034666-FBgn0042098-FBgn0038250-FBgn0036891-FBgn0263040-FBgn0028866-FBgn0036436-FBgn0000808","CG4386-CG3355-CG9294-CG18735-CG3505-CG9372-CG43335-CG18420-CG4914-CG1505","CG4386-CG3355-CG9294-CG18735-CG3505-CG9372-CG43335-CG18420-CG4914-gd","1e-08-2e-07-4e-07-2e-05-3e-05-5e-05-6e-05-1e-04-3e-04-4e-04",""
"26","gene12874",2,"gene12874","supercont1.98","1638299","1640073","-",1775,"AAEL003858","EOG81G5X6","FBpp0085960","FBgn0062440","CG17680","CG17680","","","","FBpp0085960-FBpp0297778","FBgn0062440-FBgn0263026","CG17680-CG43321","CG17680-CG43321","7e-21-3e-04",""
"27","gene12985",2,"gene12985","supercont1.35;supercont1.35;supercont1.35","1085492;1096383;1096567","1085587;1096507;1096672","+;+;+",327,"AAEL001511",NA,NA,NA,NA,NA,"","","",NA,NA,NA,NA,NA,""
"28","gene12998",2,"gene12998","supercont1.35;supercont1.35;supercont1.35","1072412;1079695;1085187","1072431;1079736;1085283","+;+;+",159,"AAEL001512",NA,NA,NA,NA,NA,"","","",NA,NA,NA,NA,NA,""
"29","gene13016",1,"gene13016","supercont1.1391;supercont1.1391;supercont1.1391;supercont1.1391;supercont1.1391;supercont1.1391","32694;32834;33075;33354;58941;66352","32767;33013;33287;33615;59227;66373","-;-;-;-;-;-",1038,"AAEL015000","EOG8R7Z2J","FBpp0303101","FBgn0005640","CG10579","Eip63E","","","","FBpp0072990","FBgn0005640","CG10579","Eip63E","0",""
"30","gene13184",2,"gene13184","supercont1.856;supercont1.856;supercont1.856;supercont1.856;supercont1.856;supercont1.856;supercont1.856","130382;131773;132253;132647;132997;143115;143525","131714;132016;132586;132940;133098;143468;144059","-;-;-;-;-;-;-",3196,"AAEL013496","EOG8Z91MW","FBpp0291497","FBgn0283437","CG42639","PPO1","","","","FBpp0087744-FBpp0291496-FBpp0291497-FBpp0088363-FBpp0072365-FBpp0077690-FBpp0073484-FBpp0075492","FBgn0033367-FBgn0261363-FBgn0283437-FBgn0002565-FBgn0002564-FBgn0002563-FBgn0002562-FBgn0000639","CG8193-CG42640-CG42639-CG6806-CG6821-CG4178-CG2559-CG17285","PPO2-PPO3-PPO1-Lsp2-Lsp1gamma-Lsp1beta-Lsp1alpha-Fbp1","0-0-0-2e-45-2e-37-6e-33-1e-30-3e-10",""
"31","gene13394",3,"gene13394","supercont1.663;supercont1.663;supercont1.663","153873;154167;154947","154083;154370;155634","+;+;+",1103,"AAEL012180","EOG8P8J9N","FBpp0076832","FBgn0035624","CG12756","Eaf6","","","","FBpp0076832","FBgn0035624","CG12756","Eaf6","2.00E-50",""
"32","gene13578",4,"gene13578","supercont1.108;supercont1.108","1977682;1979649","1979544;1980020","-;-",2235,"AAEL004137","EOG89GP7M","FBpp0083227","FBgn0038742","CG4703","Arc42","","","","FBpp0083227-FBpp0082092-FBpp0074843-FBpp0076520-FBpp0076375-FBpp0289511-FBpp0078893-FBpp0080759","FBgn0038742-FBgn0037999-FBgn0036824-FBgn0035811-FBgn0035911-FBgn0034432-FBgn0031824-FBgn0032775","CG4703-CG4860-CG3902-CG12262-CG6638-CG7461-CG9547-CG17544","Arc42-CG4860-CG3902-CG12262-CG6638-CG7461-CG9547-CG17544","0-4e-180-9e-86-2e-79-2e-74-9e-58-1e-43-2e-12",""
"33","gene13676",3,"gene13676","supercont1.83","559923","560965","+",1043,"RU156",NA,NA,NA,NA,NA,"","","",NA,NA,NA,NA,NA,""
"34","gene13768",2,"gene13768","supercont1.451;supercont1.451;supercont1.451","53554;73421;73823","56490;73766;74380","-;-;-",3841,"AAEL017263","EOG869TK4","FBpp0070395","FBgn0023529","CG2918","CG2918","","","","FBpp0070395-FBpp0082105-FBpp0082106-FBpp0082107-FBpp0082147-FBpp0081956-FBpp0081986-FBpp0082519","FBgn0023529-FBgn0051354-FBgn0013278-FBgn0013279-FBgn0013277-FBgn0013276-FBgn0013275-FBgn0266599","CG2918-CG5834-CG31359-CG6489-CG31449-CG18743-CG31366-CG4264","CG2918-Hsp70Bbb-Hsp70Bb-Hsp70Bc-Hsp70Ba-Hsp70Ab-Hsp70Aa-Hsc70-4","0-2e-53-5e-53-5e-53-6e-53-4e-52-4e-52-2e-50",""
"35","gene14106",4,"gene14106","supercont1.414;supercont1.414","302642;318786","303398;320043","+;+",2015,"AAEL009637","EOG8577Z4","FBpp0073669","FBgn0030521","CG10992","CtsB1","","","","FBpp0073669-FBpp0071697-FBpp0086089-FBpp0292990","FBgn0030521-FBgn0034709-FBgn0034229-FBgn0013770","CG10992-CG3074-CG4847-CG6692","CtsB1-Swim-CG4847-Cp1","3e-160-7e-39-1e-21-9e-19",""
"36","gene14436",2,"gene14436","supercont1.1286;supercont1.1286;supercont1.1286;supercont1.1286;supercont1.1286","15881;16628;16950;17341;17975","16567;16889;17283;17634;19250","-;-;-;-;-",2853,"AAEL014837","EOG8Z91MW","FBpp0291497","FBgn0283437","CG42639","PPO1","","","","FBpp0087744-FBpp0291496-FBpp0291497-FBpp0088363-FBpp0072365-FBpp0073484-FBpp0077690-FBpp0075491","FBgn0033367-FBgn0261363-FBgn0283437-FBgn0002565-FBgn0002564-FBgn0002562-FBgn0002563-FBgn0000639","CG8193-CG42640-CG42639-CG6806-CG6821-CG2559-CG4178-CG17285","PPO2-PPO3-PPO1-Lsp2-Lsp1gamma-Lsp1alpha-Lsp1beta-Fbp1","0-0-0-2e-46-3e-40-4e-39-7e-38-2e-08",""
"37","gene14563",4,"gene14563","supercont1.10;supercont1.10;supercont1.10;supercont1.10","4010620;4011369;4011677;4012775","4011314;4011623;4012716;4013272","+;+;+;+",2488,"AAEL000545",NA,NA,NA,NA,NA,"","","","FBpp0081074-FBpp0297078-FBpp0071604-FBpp0086362-FBpp0071746-FBpp0081077-FBpp0081073-FBpp0291550","FBgn0015575-FBgn0015569-FBgn0000326-FBgn0010052-FBgn0034736-FBgn0015576-FBgn0015574-FBgn0015577","CG1112-CG1131-CG9858-CG8425-CG6018-CG1121-CG1108-CG1128","alpha-Est7-alpha-Est10-clt-Jhe-CG6018-alpha-Est8-alpha-Est6-alpha-Est9","2e-57-8e-55-8e-52-1e-49-2e-49-2e-49-2e-33-2e-32",""
"38","gene14940",4,"gene14940","supercont1.75;supercont1.75;supercont1.75;supercont1.75","103675;104781;119650;154163","104725;105054;119789;154671","-;-;-;-",1974,"AAEL003027","EOG8B5RXB","FBpp0084506","FBgn0039480","CG6131","Cpr97Ea","","","","FBpp0084506-FBpp0084505-FBpp0078117-FBpp0087284-FBpp0087841-FBpp0085072-FBpp0310843-FBpp0291859","FBgn0039480-FBgn0039481-FBgn0037114-FBgn0033601-FBgn0002531-FBgn0039805-FBgn0038405-FBgn0033603","CG6131-CG15884-CG7160-CG9076-CG11650-CG12045-CG8927-CG13214","Cpr97Ea-Cpr97Eb-Cpr78E-Cpr47Ed-Lcp1-Cpr100A-CG8927-Cpr47Ef","1e-49-1e-33-2e-09-1e-07-1e-07-6e-07-9e-07-1e-06",""
"39","gene15148",4,"gene15148","supercont1.378;supercont1.378;supercont1.378;supercont1.378;supercont1.378;supercont1.378;supercont1.378","910198;920133;920853;929449;930166;945073;945794","911166;920788;923650;930104;930583;945728;946512","-;-;-;-;-;-;-",6872,"AAEL009198",NA,NA,NA,NA,NA,"","","","FBpp0076591-FBpp0083412","FBgn0035767-FBgn0028468","CG8596-CG5760","CG8596-rtet","7e-129-6e-04",""
"40","gene15161",1,"gene15161","supercont1.684;supercont1.684;supercont1.684;supercont1.684","96027;112940;133098;143289","96622;113347;141549;144137","+;+;+;+",10305,"AAEL012369","EOG8DBX5W","FBpp0079593","FBgn0032231","CG5056","CG5056","","","","FBpp0079593","FBgn0032231","CG5056","CG5056","9.00E-10",""
"41","gene15195",3,"gene15195","supercont1.817;supercont1.817;supercont1.817","161725;172704;173267","162291;172828;174154","-;-;-",1580,"AAEL013279","EOG80GGHF","FBpp0071844","FBgn0034753","CG2852","CG2852","","","","FBpp0071844-FBpp0075478-FBpp0074017-FBpp0086101-FBpp0085477-FBpp0077688-FBpp0084655","FBgn0034753-FBgn0036415-FBgn0004432-FBgn0028382-FBgn0033089-FBgn0002936-FBgn0039581","CG2852-CG7768-CG9916-CG4886-CG17266-CG3966-CG1866","CG2852-CG7768-Cyp1-cyp33-CG17266-ninaA-Moca-cyp","4e-94-8e-53-8e-52-5e-48-3e-47-5e-44-2e-38",""
"42","gene15228",1,"gene15228","supercont1.695;supercont1.695;supercont1.695;supercont1.695","1547;32404;45858;46734","2013;33237;45996;61289","+;+;+;+",15996,"AAEL012421","EOG8W3WC5","FBpp0071475","FBgn0003391","CG3722","shg","","","","FBpp0071475-FBpp0080570","FBgn0003391-FBgn0015609","CG3722-CG7100","shg-CadN","0-5e-116",""
"43","gene15231",4,"gene15231","supercont1.695;supercont1.695","544200;550745","546221;551207","-;-",2485,"AAEL012427","EOG8GQSX9-EOG8GQSX9-EOG8GQSX9-EOG8GQSX9-EOG8GQSX9-EOG8GQSX9-EOG8GQSX9","FBpp0088689-FBpp0071907-FBpp0085284-FBpp0082651-FBpp0290886-FBpp0071433-FBpp0073554","FBgn0037455-FBgn0034833-FBgn0032968-FBgn0038357-FBgn0039577-FBgn0030224-FBgn0030451","CG2336-CG13539-CG11634-CG5623-CG12516-CG12637-CG15717","CG2336-CG13539-CG11634-CG5623-CG12516-CG12637-CG15717","","","","FBpp0073554-FBpp0088689-FBpp0290886-FBpp0081045","FBgn0030451-FBgn0037455-FBgn0039577-FBgn0032945","CG15717-CG2336-CG12516-CG8665","CG15717-CG2336-CG12516-CG8665","8e-12-6e-08-0.004-0.007",""
"44","gene15256",3,"gene15256","supercont1.252;supercont1.252","485034;485604","485546;486430","-;-",1340,"AAEL007389","EOG85HVPC-EOG85HVPC-EOG85HVPC","FBpp0083111-FBpp0082600-FBpp0083266","FBgn0003248-NA-FBgn0002940","CG16740-NA-CG4550","Rh2-NA-ninaE","","","","FBpp0312616-FBpp0083266-FBpp0083111-FBpp0075097-FBpp0083284-FBpp0079875-FBpp0075752-FBpp0076853-FBpp0290565","FBgn0019940-FBgn0002940-FBgn0003248-FBgn0003250-FBgn0003249-FBgn0014019-FBgn0036260-FBgn0035610-FBgn0011582","CG5192-CG4550-CG16740-CG9668-CG10888-CG5279-CG5638-CG10626-CG9652","Rh6-ninaE-Rh2-Rh4-Rh3-Rh5-Rh7-Lkr-Dop1R1","8e-144-1e-139-4e-134-2e-68-9e-66-8e-59-1e-55-1e-17-9e-17",""
"45","gene15332",3,"gene15332","supercont1.388;supercont1.388;supercont1.388;supercont1.388;supercont1.388;supercont1.388;supercont1.388;supercont1.388;supercont1.388;supercont1.388","538607;539752;547155;547558;551947;556595;557125;557171;557231;619675","539241;539992;547394;547826;552348;557051;557161;557218;557352;620374","-;-;-;-;-;-;-;-;-;-",3151,"AAEL009314","EOG81VNTM","FBpp0073756","FBgn0030576","CG15890","CG15890","","","","FBpp0073756-FBpp0082385-FBpp0289879-FBpp0087664-FBpp0288640-FBpp0293860-FBpp0087701","FBgn0030576-FBgn0051321-FBgn0260388-FBgn0050344-FBgn0039817-FBgn0050345-FBgn0033388","CG15890-CG31321-CG42514-CG30344-CG15553-CG30345-CG8046","CG15890-CG31321-CG42514-CG30344-CG15553-CG30345-CG8046","0-5e-60-8e-40-7e-39-1e-34-2e-33-5e-20",""
"46","gene15548",1,"gene15548","supercont1.187;supercont1.187;supercont1.187;supercont1.187;supercont1.187","307905;314902;315631;316080;324405","309804;315563;315979;316205;324490","-;-;-;-;-",3123,"AAEL006057","EOG8V19S2","FBpp0084255","FBgn0011666","CG5099","msi","","","","FBpp0305821-FBpp0075045","FBgn0011666-FBgn0260943","CG5099-CG32169","msi-Rbp6","1e-119-1e-74",""
"47","gene1556",1,"gene1556","supercont1.1140;supercont1.1140;supercont1.1140;supercont1.1140","3076;3355;25757;26945","3130;4116;25812;37803","+;+;+;+",11732,"AAEL014510","EOG89W56C","FBpp0073004","FBgn0014388","CG1921","sty","","","","FBpp0073004","FBgn0014388","CG1921","sty","8.00E-48",""
"48","gene1660",2,"gene1660","supercont1.94","2009854","2011934","+",2081,"AAEL017573",NA,NA,NA,NA,NA,"","","",NA,NA,NA,NA,NA,""
"49","gene180",1,"gene180","supercont1.245;supercont1.245;supercont1.245;supercont1.245;supercont1.245;supercont1.245;supercont1.245;supercont1.245","1416639;1430220;1430616;1430849;1431172;1433084;1433306;1438610","1430155;1430547;1430776;1431104;1433024;1433243;1433607;1439403","-;-;-;-;-;-;-;-",17371,"AAEL007268","EOG8Z0DWX","FBpp0310756","FBgn0262127","CG33967","kibra","","","","FBpp0099467-FBpp0071559-FBpp0304227","FBgn0262127-FBgn0034590-FBgn0259174","CG33967-CG30388-CG42279","kibra-Magi-Nedd4","2e-153-2e-05-0.003",""
"50","gene1826",2,"gene1826","supercont1.32;supercont1.32;supercont1.32;supercont1.32","2413358;2415633;2425454;2433553","2415557;2417858;2425681;2440060","-;-;-;-",11162,"AAEL001421","EOG8S7NF7","FBpp0085860","FBgn0027835","CG5170","Dp1","","","","FBpp0085860-FBpp0078122","FBgn0027835-FBgn0262737","CG5170-CG7437","Dp1-mub","0-1e-05",""
"51","gene186",3,"gene186","supercont1.245;supercont1.245;supercont1.245;supercont1.245;supercont1.245;supercont1.245","504417;519597;520289;530360;530803;531016","505229;520224;521077;530718;530887;532030","+;+;+;+;+;+",3689,"AAEL007260","EOG8V727N","FBpp0297950","FBgn0036179","CG7368","CG7368","","","","FBpp0110184-FBpp0297926","FBgn0036179-FBgn0265276","CG7368-CG6930","CG7368-l(3)neo38","4e-75-5e-73",""
"52","gene2081",1,"gene2081","supercont1.204;supercont1.204;supercont1.204;supercont1.204","1075190;1075592;1083324;1085425","1075527;1076940;1085311;1085632","-;-;-;-",3883,"AAEL006415","EOG8CJZ78","FBpp0077251","FBgn0053123","CG33123","CG33123","","","","FBpp0077251-FBpp0073204-FBpp0086847","FBgn0053123-FBgn0027085-FBgn0027079","CG33123-CG7479-CG4062","CG33123-Aats-leu-Aats-val","0-7e-07-8e-05",""
"53","gene2374",1,"gene2374","supercont1.304;supercont1.304;supercont1.304","937519;943500;964619","939513;944477;965134","-;-;-",3489,"AAEL008185","EOG8VMJ67","FBpp0081159","FBgn0037465","CG1105","CG1105","","","","FBpp0081159-FBpp0081273-FBpp0081272-FBpp0271763-FBpp0112257-FBpp0081242-FBpp0081241-FBpp0081268","FBgn0037465-FBgn0042102-FBgn0042103-FBgn0042104-FBgn0042105-FBgn0037518-FBgn0037517-FBgn0037521","CG1105-CG18745-CG18746-CG18747-CG18748-CG2641-CG10086-CG2993","CG1105-CG18745-CG18746-CG18747-CG18748-CG2641-CG10086-CG2993","0-2e-65-2e-64-2e-55-2e-54-3e-53-8e-49-4e-46",""
"54","gene2395",3,"gene2395","supercont1.304;supercont1.304;supercont1.304","1024386;1025150;1070964","1025081;1028596;1071242","-;-;-",4422,"AAEL008152",NA,NA,NA,NA,NA,"","","","FBpp0078385-FBpp0078356-FBpp0078357-FBpp0070179-FBpp0078386-FBpp0074425-FBpp0076882","FBgn0051548-FBgn0051549-FBgn0037354-FBgn0040349-FBgn0051546-FBgn0030968-FBgn0035588","CG31548-CG31549-CG12171-CG3699-CG31546-CG7322-CG10672","CG31548-CG31549-CG12171-CG3699-CG31546-CG7322-CG10672","5e-101-7e-95-3e-89-2e-71-3e-69-1e-32-9e-31",""
"55","gene2465",2,"gene2465","supercont1.194;supercont1.194;supercont1.194","1140449;1140674;1140995","1140488;1140836;1141244","-;-;-",453,"AAEL006200",NA,NA,NA,NA,NA,"","","",NA,NA,NA,NA,NA,""
"56","gene2472",2,"gene2472","supercont1.194;supercont1.194;supercont1.194;supercont1.194;supercont1.194;supercont1.194;supercont1.194;supercont1.194","1394966;1477916;1496084;1511375;1511739;1538830;1565251;1566139","1395208;1478050;1496197;1511678;1512734;1538944;1565846;1566741","-;-;-;-;-;-;-;-",3106,"AAEL006194",NA,NA,NA,NA,NA,"","","","FBpp0304777","FBgn0261015","CG42599","Pif1A","2.00E-33",""
"57","gene2480",3,"gene2480","supercont1.194;supercont1.194;supercont1.194;supercont1.194","1777484;1778571;1784858;1786417","1778508;1778720;1786349;1786831","+;+;+;+",3082,"AAEL006207",NA,NA,NA,NA,NA,"","","","FBpp0081915-FBpp0081914-FBpp0084231-FBpp0112264-FBpp0084225-FBpp0084229-FBpp0307221","FBgn0037934-FBgn0037935-FBgn0039321-FBgn0045761-FBgn0039326-FBgn0051087-FBgn0051102","CG6830-CG6834-CG10550-CG10618-CG10562-CG31087-CG31102","CG6830-CG6834-CG10550-CHKov1-CG10562-CG31087-CG31102","1e-152-3e-146-3e-79-1e-77-1e-74-2e-70-1e-66",""
"58","gene2483",2,"gene2483","supercont1.194;supercont1.194;supercont1.194;supercont1.194;supercont1.194","1051133;1052283;1052862;1054540;1054756","1052160;1052795;1054329;1054675;1054939","-;-;-;-;-",3329,"AAEL006210","EOG8WM7K5","FBpp0304777","FBgn0261015","CG42599","Pif1A","","","","FBpp0304778","FBgn0261015","CG42599","Pif1A","1.00E-22",""
"59","gene2545",4,"gene2545","supercont1.542;supercont1.542;supercont1.542;supercont1.542","228174;229339;230214;230313","229276;230149;230247;231332","-;-;-;-",2968,"AAEL011112","EOG8N8TWT-EOG8N8TWT","FBpp0081800-FBpp0081141","FBgn0022359-FBgn0024289","CG4649-CG1982","Sodh-2-Sodh-1","","","","FBpp0081800-FBpp0081141-FBpp0083236-FBpp0081767","FBgn0022359-FBgn0024289-FBgn0270925-FBgn0011768","CG4649-CG1982-CG4836-CG6598","Sodh-2-Sodh-1-CG4836-Fdh","0-2e-180-2e-49-5e-17",""
"60","gene2675",1,"gene2675","supercont1.41;supercont1.41;supercont1.41;supercont1.41;supercont1.41;supercont1.41;supercont1.41;supercont1.41;supercont1.41;supercont1.41;supercont1.41;supercont1.41;supercont1.41;supercont1.41;supercont1.41;supercont1.41;supercont1.41;supercont1.41","222512;227589;228065;228820;228971;229359;229586;229771;229972;238532;239089;239302;239815;251034;251583;261175;267198;267320","226134;228008;228760;228911;229297;229524;229704;229912;230116;238693;239236;239746;239894;251508;252729;261985;267298;267773","-;-;-;-;-;-;-;-;-;-;-;-;-;-;-;-;-;-",9553,"AAEL001742","EOG8PG8R7","FBpp0304176","FBgn0035688","CG10289","CG10289","","","","FBpp0304174","FBgn0035688","CG10289","CG10289","4.00E-112",""
"61","gene2813",4,"gene2813","supercont1.1212;supercont1.1212;supercont1.1212;supercont1.1212;supercont1.1212;supercont1.1212;supercont1.1212","149216;149301;150140;150556;150851;151040;151349","149237;150083;150502;150779;150979;151268;151617","-;-;-;-;-;-;-",2019,"AAEL014662","EOG8W3WCK","FBpp0078711","FBgn0031703","CG12512","CG12512","","","","FBpp0078711-FBpp0073789-FBpp0083935-FBpp0082094-FBpp0071489-FBpp0071488-FBpp0303952","FBgn0031703-FBgn0027601-FBgn0039156-FBgn0037996-FBgn0034552-FBgn0034553-FBgn0035642","CG12512-CG9009-CG6178-CG4830-CG17999-CG9993-CG18586","CG12512-pdgy-CG6178-CG4830-CG17999-CG9993-CG18586","0-2e-37-3e-34-3e-25-3e-24-2e-23-2e-22",""
"62","gene3368",4,"gene3368","supercont1.102;supercont1.102;supercont1.102;supercont1.102;supercont1.102","1895926;1896974;1897337;1897786;1909401","1896571;1897280;1897725;1898339;1910296","-;-;-;-;-",2792,"AAEL003960","EOG84J58K","FBpp0290455","FBgn0033763","CG8646","CG8646","","","","FBpp0290455-FBpp0074909-FBpp0300164-FBpp0074908-FBpp0082725","FBgn0033763-FBgn0036768-FBgn0052191-FBgn0036765-FBgn0040271","CG8646-CG7402-CG32191-CG7408-CG6725","CG8646-CG7402-CG32191-CG7408-Sulf1","0-4e-141-1e-135-7e-130-6e-16",""
"63","gene3416",2,"gene3416","supercont1.224;supercont1.224;supercont1.224;supercont1.224","1728258;1728923;1729403;1729797","1728864;1729166;1729736;1730001","-;-;-;-",1390,"AAEL006874",NA,NA,NA,NA,NA,"","","","FBpp0087744-FBpp0291497-FBpp0291496-FBpp0077690-FBpp0072365-FBpp0088363-FBpp0073484-FBpp0075492","FBgn0033367-FBgn0283437-FBgn0261363-FBgn0002563-FBgn0002564-FBgn0002565-FBgn0002562-FBgn0000639","CG8193-CG42639-CG42640-CG4178-CG6821-CG6806-CG2559-CG17285","PPO2-PPO1-PPO3-Lsp1beta-Lsp1gamma-Lsp2-Lsp1alpha-Fbp1","3e-99-2e-96-4e-93-2e-19-3e-19-5e-19-1e-17-3e-10",""
"64","gene3492",4,"gene3492","supercont1.96;supercont1.96","1993848;1995014","1994817;1995892","+;+",1849,"AAEL003770","EOG8V727B","FBpp0076826","FBgn0035632","CG10575","Ppat-Dpck","","","","FBpp0076826-FBpp0081152","FBgn0035632-FBgn0037469","CG10575-CG1939","Ppat-Dpck-Dpck","1e-141-4e-19",""
"65","gene3720",1,"gene3720","supercont1.725;supercont1.725;supercont1.725;supercont1.725;supercont1.725;supercont1.725;supercont1.725","471148;471812;472899;488133;504419;506053;516906","471558;472483;473252;489236;505807;506220;542677","+;+;+;+;+;+;+",29870,"AAEL017080",NA,NA,NA,NA,NA,"","","","FBpp0081555-FBpp0076797-FBpp0072351-FBpp0081428","FBgn0037722-FBgn0035625-FBgn0001325-FBgn0037621","CG8319-CG5249-CG3340-CG9797","CG8319-Blimp-1-Kr-M1BP","7e-07-2e-06-1e-05-1e-05",""
"66","gene3764",2,"gene3764","supercont1.30;supercont1.30;supercont1.30;supercont1.30;supercont1.30;supercont1.30;supercont1.30","2801247;2801462;2805144;2808205;2808502;2819301;2819528","2801388;2801698;2805161;2808388;2808559;2819461;2820423","+;+;+;+;+;+;+",1696,"AAEL001343","EOG8CJZ8S","FBpp0305291","FBgn0035719","CG14821","tow","","","","FBpp0112063","FBgn0035719","CG14821","tow","2.00E-24",""
"67","gene3817",4,"gene3817","supercont1.56;supercont1.56;supercont1.56","2467224;2474390;2474663","2468216;2474603;2475605","+;+;+",2150,"AAEL002416","EOG8G1Q7B","FBpp0084585","FBgn0039537","CG5590","CG5590","","","","FBpp0084585-FBpp0073988-FBpp0078385-FBpp0070179-FBpp0074425-FBpp0078356","FBgn0039537-FBgn0030731-FBgn0051548-FBgn0040349-FBgn0030968-FBgn0051549","CG5590-CG3415-CG31548-CG3699-CG7322-CG31549","CG5590-Mfe2-CG31548-CG3699-CG7322-CG31549","0-2e-14-4e-14-2e-13-3e-13-1e-12",""
"68","gene3864",1,"gene3864","supercont1.62;supercont1.62;supercont1.62;supercont1.62;supercont1.62;supercont1.62;supercont1.62;supercont1.62;supercont1.62","723439;724489;729232;732243;732412;741733;742077;742260;745846","724368;724621;729330;732342;732586;741819;742195;742371;754411","+;+;+;+;+;+;+;+;+",10321,"AAEL002646","EOG8QG04S","FBpp0290831","FBgn0086779","CG11628","step","","","","FBpp0085264-FBpp0080114-FBpp0077948-FBpp0293612","FBgn0086779-FBgn0028538-FBgn0026179-FBgn0264560","CG11628-CG7578-CG32434-CG8487","step-Sec71-siz-garz","0-4e-49-2e-39-6e-33",""
"69","gene3929",4,"gene3929","supercont1.157;supercont1.157;supercont1.157;supercont1.157;supercont1.157;supercont1.157;supercont1.157;supercont1.157;supercont1.157;supercont1.157","440239;451215;451401;451787;451997;454903;465103;465348;487424;488079","441792;451342;451728;451927;452380;454982;465270;466561;487472;488270","-;-;-;-;-;-;-;-;-;-",4238,"AAEL005446",NA,NA,NA,NA,NA,"","","","FBpp0074482","FBgn0027621","CG3400","Pfrx","2.00E-77",""
"70","gene4314",3,"gene4314","supercont1.752;supercont1.752;supercont1.752","227847;228309;246580","228246;228469;247198","-;-;-",1180,"AAEL012860",NA,NA,NA,NA,NA,"","","","FBpp0070421-FBpp0085702-FBpp0085746-FBpp0289819","FBgn0040376-FBgn0034429-FBgn0034426-FBgn0034428","CG13759-CG18607-CG10476-CG18606","CG13759-CG18607-CG10476-CG18606","5e-12-5e-07-3e-04-8e-04",""
"71","gene4376",2,"gene4376","supercont1.55;supercont1.55;supercont1.55;supercont1.55;supercont1.55;supercont1.55;supercont1.55;supercont1.55;supercont1.55;supercont1.55;supercont1.55;supercont1.55;supercont1.55;supercont1.55;supercont1.55","551249;551730;551939;556470;556637;566065;566755;567079;577142;577416;577678;584353;585115;586700;595185","551663;551873;552196;556564;557279;566236;567007;567505;577277;577603;577951;584432;585678;586724;596417","-;-;-;-;-;-;-;-;-;-;-;-;-;-;-",4907,"AAEL002404","EOG8X9B7J","FBpp0088012","FBgn0003733","CG1389","tor","PTTH receptor (torso)","neuropeptide.receptor","","FBpp0088012-FBpp0082970-FBpp0084248-FBpp0079245","FBgn0003733-FBgn0010389-FBgn0022800-FBgn0032006","CG1389-CG7223-CG10244-CG8222","tor-htl-Cad96Ca-Pvr","4e-91-3e-50-1e-48-2e-48","Vogel, 2013/orthoDB"
"72","gene4584",1,"gene4584","supercont1.143;supercont1.143;supercont1.143;supercont1.143;supercont1.143;supercont1.143;supercont1.143;supercont1.143","1494328;1513355;1516229;1520374;1521704;1527067;1527247;1528904","1494863;1515075;1516900;1521202;1522468;1527168;1528402;1529385","+;+;+;+;+;+;+;+",6263,"AAEL017315","EOG8SJ856","FBpp0292999","FBgn0026418","CG6603","Hsc70Cb","","","","FBpp0075513-FBpp0075504-FBpp0083974-FBpp0082105","FBgn0026418-FBgn0001216-FBgn0001230-FBgn0051354","CG6603-CG8937-CG5436-CG5834","Hsc70Cb-Hsc70-1-Hsp68-Hsp70Bbb","0-6e-91-6e-91-4e-89",""
"73","gene4589",4,"gene4589","supercont1.143;supercont1.143;supercont1.143;supercont1.143;supercont1.143;supercont1.143;supercont1.143;supercont1.143;supercont1.143","93646;94036;107608;109103;115727;120659;130406;131262;131478","94012;94619;108004;109354;116099;123853;131203;131419;132958","+;+;+;+;+;+;+;+;+",7605,"AAEL005134","EOG890B1C-EOG890B1C","FBpp0074909-FBpp0300164","FBgn0036768-FBgn0052191","CG7402-CG32191","CG7402-CG32191","","","","FBpp0074909-FBpp0074908-FBpp0300164-FBpp0290455-FBpp0082725","FBgn0036768-FBgn0036765-FBgn0052191-FBgn0033763-FBgn0040271","CG7402-CG7408-CG32191-CG8646-CG6725","CG7402-CG7408-CG32191-CG8646-Sulf1","1e-176-6e-159-3e-151-6e-149-5e-16",""
"74","gene4798",3,"gene4798","supercont1.864;supercont1.864;supercont1.864","302374;304236;304983","303781;304908;304988","+;+;+",2087,"AAEL013531","EOG8S4S7B","FBpp0085295","FBgn0025674","CG15218","CycK","","","","FBpp0085295-FBpp0070418-FBpp0074968-FBpp0082469-FBpp0306264","FBgn0025674-FBgn0040394-FBgn0025455-FBgn0004597-FBgn0264816","CG15218-CG16903-CG6292-CG7281-CG44010","CycK-CG16903-CycT-CycC-koko","2e-153-5e-34-2e-33-1e-13-1e-10",""
"75","gene4929",2,"gene4929","supercont1.188;supercont1.188;supercont1.188;supercont1.188;supercont1.188;supercont1.188;supercont1.188","1152264;1160732;1161450;1161568;1164093;1183293;1197623","1153600;1161387;1161513;1163079;1164578;1183710;1198033","-;-;-;-;-;-;-",4884,"AAEL006087","EOG8Q5CDS","FBpp0074480","FBgn0031020","CG12202","Nat1","","","","FBpp0074480-FBpp0085344","FBgn0031020-FBgn0021847","CG12202-CG8325","Nat1-l(2)k14710","0-8e-04",""
"76","gene4958",2,"gene4958","supercont1.470;supercont1.470;supercont1.470","97584;99785;108029","99728;101251;108964","-;-;-",4548,"AAEL010318","EOG8V19RB","FBpp0085915","FBgn0265297","CG5119","pAbp","","","","FBpp0085915-FBpp0072253-FBpp0070859-FBpp0297665","FBgn0265297-FBgn0035016-FBgn0015818-FBgn0086675","CG5119-CG4612-CG3780-CG4396","pAbp-CG4612-Spx-fne","0-1e-69-9e-27-3e-25",""
"77","gene5042",4,"gene5042","supercont1.53;supercont1.53;supercont1.53","918426;918939;919204","918879;919140;919595","-;-;-",1048,"AAEL002310","EOG85B471","FBpp0087589","FBgn0016970","CG13951","l(2)k10201","","","","FBpp0087589","FBgn0016970","CG13951","l(2)k10201","3.00E-20",""
"78","gene5062",4,"gene5062","supercont1.53;supercont1.53;supercont1.53;supercont1.53;supercont1.53","1882510;1883133;1888484;1898804;1919194","1883060;1884030;1888649;1899745;1919312","-;-;-;-;-",2676,"AAEL002296","EOG8Z91N7","FBpp0072135","FBgn0025352","CG4581","Thiolase","","","","FBpp0072135-FBpp0071095-FBpp0072560-FBpp0079472-FBpp0080659","FBgn0025352-FBgn0029969-FBgn0035203-FBgn0040064-FBgn0015808","CG4581-CG10932-CG9149-CG4600-CG17320","Thiolase-CG10932-CG9149-yip2-ScpX","0-4e-48-1e-44-9e-34-3e-04",""
"79","gene5160",4,"gene5160","supercont1.699;supercont1.699;supercont1.699;supercont1.699;supercont1.699;supercont1.699;supercont1.699;supercont1.699","382496;383747;396990;411732;412059;412475;426208;427009","383053;384777;399842;411966;412296;412677;426427;427973","+;+;+;+;+;+;+;+",6303,"AAEL012464","EOG866ZBQ","FBpp0075543","FBgn0036381","CG8745","CG8745","","","","FBpp0075543-FBpp0112101-FBpp0074729-FBpp0074677","FBgn0036381-FBgn0037186-FBgn0022774-FBgn0036927","CG8745-CG11241-CG8782-CG7433","CG8745-CG11241-Oat-CG7433","0-2e-101-5e-35-2e-16",""
"80","gene5174",3,"gene5174","supercont1.13;supercont1.13;supercont1.13;supercont1.13;supercont1.13;supercont1.13;supercont1.13","1282227;1286902;1287380;1287532;1287730;1288034;1315026","1282707;1287014;1287468;1287669;1287956;1288866;1315081","-;-;-;-;-;-;-",1937,"AAEL000644","EOG8X3KSV","FBpp0112245","FBgn0040805","CG12355","CG12355","","","","FBpp0112245-FBpp0070243-FBpp0073040","FBgn0040805-FBgn0026872-FBgn0052262","CG12355-CG14777-CG32262","CG12355-CG14777-CG32262","1e-77-9e-21-9e-16",""
"81","gene5340",4,"gene5340","supercont1.311;supercont1.311;supercont1.311;supercont1.311;supercont1.311;supercont1.311;supercont1.311;supercont1.311;supercont1.311;supercont1.311;supercont1.311;supercont1.311;supercont1.311;supercont1.311","936727;1001853;1015571;1063548;1063808;1064024;1075287;1077714;1078878;1079066;1079683;1080273;1095720;1097090","937084;1001875;1016543;1063746;1063922;1064117;1075367;1077796;1078988;1079251;1079807;1080302;1096063;1097976","+;+;+;+;+;+;+;+;+;+;+;+;+;+",3609,"AAEL008292","EOG8GTP4S-EOG8GTP4S","FBpp0111988-FBpp0086614","FBgn0033744-FBgn0033932","CG12370-CG8422","Dh44-R2-Dh44-R1","Diuretic hormone 44 receptor","neuropeptide receptor","neuropeptide receptor","FBpp0086614-FBpp0087047-FBpp0099841-FBpp0073584-FBpp0086868","FBgn0033932-FBgn0033744-FBgn0260753-FBgn0030437-FBgn0052843","CG8422-CG12370-CG13758-CG4395-CG32843","Dh44-R1-Dh44-R2-Pdfr-hec-Dh31-R","2e-149-2e-136-1e-39-9e-32-3e-29","orthoDB"
"82","gene5451",4,"gene5451","supercont1.959;supercont1.959","315094;315712","315550;315834","-;-",580,"AAEL013909",NA,NA,NA,NA,NA,"","","",NA,NA,NA,NA,NA,""
"83","gene5498",1,"gene5498","supercont1.196;supercont1.196;supercont1.196;supercont1.196;supercont1.196;supercont1.196;supercont1.196;supercont1.196;supercont1.196;supercont1.196;supercont1.196;supercont1.196;supercont1.196;supercont1.196;supercont1.196","788791;811563;827872;881391;916729;917223;922069;922413;922794;923349;929187;929469;929832;930164;949493","789570;811738;828039;881507;917115;922004;922214;922475;922908;929102;929399;929718;929984;930803;950421","+;+;+;+;+;+;+;+;+;+;+;+;+;+;+",14673,"AAEL006242","EOG86Q9HN","FBpp0289294","FBgn0004167","CG12008","kst","","","","FBpp0072934-FBpp0306508","FBgn0004167-FBgn0250788","CG12008-CG5870","kst-beta-Spec","0-9e-178",""
"84","gene5499",3,"gene5499","supercont1.196;supercont1.196;supercont1.196;supercont1.196;supercont1.196;supercont1.196;supercont1.196;supercont1.196;supercont1.196;supercont1.196;supercont1.196;supercont1.196","1276811;1277696;1293030;1293396;1293585;1302480;1302676;1302846;1303035;1306928;1307311;1307712","1277630;1277841;1293338;1293521;1293753;1302610;1302788;1302971;1303203;1307250;1307652;1309084","+;+;+;+;+;+;+;+;+;+;+;+",4147,"AAEL006241","EOG87SW55","FBpp0311364","FBgn0264907","CG44098","CG44098","","","","FBpp0306977-FBpp0083258-FBpp0083259-FBpp0083260-FBpp0083983-FBpp0301218-FBpp0306892","FBgn0264907-FBgn0038753-FBgn0038752-FBgn0038750-FBgn0019952-FBgn0063649-FBgn0086365","CG44098-CG4459-CG4462-CG4465-CG6331-CG6006-CG13610","CG44098-CG4459-CG4462-CG4465-Orct-CG6006-Orct2","0-9e-120-5e-113-9e-92-1e-32-2e-32-4e-29",""
"85","gene5500",4,"gene5500","supercont1.196;supercont1.196;supercont1.196;supercont1.196","440548;461937;462424;463622","447762;462357;462834;464132","-;-;-;-",8558,"AAEL006240","EOG8SR0ND","FBpp0308868","FBgn0030245","CG1637","CG1637","","","","FBpp0073262","FBgn0030245","CG1637","CG1637","0",""
"86","gene5589",4,"gene5589","supercont1.1234;supercont1.1234;supercont1.1234;supercont1.1234","154219;155014;155302;162914","154955;155201;155495;163054","+;+;+;+",1260,"AAEL014717","EOG8MGW0B","FBpp0083676","FBgn0038984","CG5315","AdipoR","","","","FBpp0083675-FBpp0082478-FBpp0290238","FBgn0038984-FBgn0038256-FBgn0053203","CG5315-CG7530-CG33203","AdipoR-CG7530-CG33203","0-7e-40-9e-14",""
"87","gene5783",1,"gene5783","supercont1.9","3740610","3753882","+",13273,"AAEL000489","EOG834ZXX-EOG834ZXX-EOG834ZXX","FBpp0306607-FBpp0074060-FBpp0303080","FBgn0267698-FBgn0025743-FBgn0044826","CG10295-CG18582-CG14895","Pak-mbt-Pak3","","","","FBpp0082763-FBpp0081211","FBgn0044826-FBgn0267698","CG14895-CG10295","Pak3-Pak","7e-178-6e-122",""
"88","gene6002",2,"gene6002","supercont1.650;supercont1.650","225693;226840","226774;227379","+;+",1622,"AAEL012060",NA,NA,NA,NA,NA,"Hugin/pyrokinin","neuropeptide","neuropeptide",NA,NA,NA,NA,NA,"Choi, 2013"
"89","gene6034",4,"gene6034","supercont1.1120;supercont1.1120;supercont1.1120;supercont1.1120","30603;31934;40946;41913","31872;32177;41204;42453","-;-;-;-",2314,"AAEL014452","EOG8ZGS45","FBpp0076520","FBgn0035811","CG12262","CG12262","","","","FBpp0076520-FBpp0083227-FBpp0074843-FBpp0082092-FBpp0076375-FBpp0289511-FBpp0078893-FBpp0113095","FBgn0035811-FBgn0038742-FBgn0036824-FBgn0037999-FBgn0035911-FBgn0034432-FBgn0031824-FBgn0031813","CG12262-CG4703-CG3902-CG4860-CG6638-CG7461-CG9547-CG9527","CG12262-Arc42-CG3902-CG4860-CG6638-CG7461-CG9547-CG9527","0-2e-80-2e-77-3e-74-4e-71-5e-59-1e-36-1e-06",""
"90","gene6074",4,"gene6074","supercont1.1253;supercont1.1253;supercont1.1253;supercont1.1253;supercont1.1253;supercont1.1253;supercont1.1253;supercont1.1253","27234;27293;27773;47598;47892;48140;48935;49187","27240;27668;28689;47832;48077;48405;49121;51252","+;+;+;+;+;+;+;+",4240,"AAEL014753","EOG8NKFMP","FBpp0088485","FBgn0067783","CG4241","att-ORFA","","","","FBpp0088485-FBpp0075715","FBgn0067783-FBgn0052103","CG4241-CG32103","att-ORFA-CG32103","3e-151-1e-46",""
"91","gene6120",2,"gene6120","supercont1.34;supercont1.34;supercont1.34;supercont1.34;supercont1.34;supercont1.34;supercont1.34;supercont1.34","2261275;2288249;2290638;2290996;2292666;2293106;2295136;2300103","2261645;2290567;2290927;2291097;2293043;2294068;2295501;2301839","+;+;+;+;+;+;+;+",6526,"AAEL001484","EOG8577XS","FBpp0079278","FBgn0020497","CG13387","emb","","","","FBpp0079278-FBpp0074528-FBpp0083039-FBpp0086142","FBgn0020497-FBgn0031051-FBgn0261532-FBgn0034205","CG13387-CG12234-CG7212-CG10950","emb-Ranbp21-cdm-CG10950","0-1e-07-5e-04-0.006",""
"92","gene6229",2,"gene6229","supercont1.370;supercont1.370;supercont1.370","494723;500391;517338","494899;500441;517364","-;-;-",255,"AAEL009115",NA,NA,NA,NA,NA,"","","",NA,NA,NA,NA,NA,""
"93","gene6340",2,"gene6340","supercont1.230;supercont1.230","597763;598579","598520;599354","-;-",1534,"AAEL006971",NA,NA,NA,NA,NA,"","","",NA,NA,NA,NA,NA,""
"94","gene6669",4,"gene6669","supercont1.717;supercont1.717;supercont1.717;supercont1.717;supercont1.717;supercont1.717;supercont1.717;supercont1.717","151497;152201;153411;154422;154939;164657;164856;165526","152135;153355;154362;154875;155575;164768;165022;166124","-;-;-;-;-;-;-;-",4715,"AAEL012616",NA,NA,NA,NA,NA,"","","",NA,NA,NA,NA,NA,""
"95","gene6829",4,"gene6829","supercont1.61;supercont1.61;supercont1.61;supercont1.61","781674;789255;791995;811270","782165;789915;792355;812977","+;+;+;+",3222,"AAEL002607","EOG8GMXNJ","FBpp0075267","FBgn0036549","CG10516","CG10516","","","","FBpp0075267-FBpp0078643-FBpp0086875-FBpp0087358","FBgn0036549-FBgn0260470-FBgn0043010-FBgn0262114","CG10516-CG14041-CG4643-CG42236","CG10516-SP555-Fsn-RanBPM","2e-75-3e-24-1e-07-2e-05",""
"96","gene6846",4,"gene6846","supercont1.61;supercont1.61","1448599;1448979","1448914;1449440","+;+",778,"AAEL002596",NA,NA,NA,NA,NA,"AaegObp9","OBP","OBP","FBpp0085644-FBpp0085673-FBpp0085634-FBpp0085672-FBpp0084816-FBpp0085604","FBgn0034474-FBgn0034470-FBgn0034471-FBgn0034468-FBgn0039678-FBgn0034509","CG13873-CG11218-CG8462-CG11797-CG18111-CG13421","Obp56g-Obp56d-Obp56e-Obp56a-Obp99a-Obp57c","1e-12-2e-12-4e-11-8e-10-8e-09-1e-08","Obp paper"
"97","gene6964",1,"gene6964","supercont1.396;supercont1.396;supercont1.396;supercont1.396;supercont1.396;supercont1.396;supercont1.396","97275;115867;125675;180973;256065;305523;305743","115806;116127;125761;181846;256121;305618;305838","-;-;-;-;-;-;-",20003,"AAEL009442","EOG8STVW9","FBpp0303417","FBgn0028550","CG11405","Atf3","","","","FBpp0070234-FBpp0288515","FBgn0028550-FBgn0001297","CG11405-CG33956","Atf3-kay","1e-27-0.002",""
"98","gene6983",2,"gene6983","supercont1.368;supercont1.368;supercont1.368;supercont1.368;supercont1.368;supercont1.368;supercont1.368;supercont1.368","844634;845508;845817;846118;846509;846717;855456;855654","845482;845748;845976;846442;846645;846893;855587;856695","-;-;-;-;-;-;-;-",3063,"AAEL009080","EOG80S35Z","FBpp0076408","FBgn0026252","CG7935","msk","","","","FBpp0076408-FBpp0080484","FBgn0026252-FBgn0022213","CG7935-CG13281","msk-Cas","0-0.006",""
"99","gene7002",2,"gene7002","supercont1.1493;supercont1.1493;supercont1.1493;supercont1.1493","22312;22965;23659;24176","22905;23589;24114;24703","-;-;-;-",2203,"AAEL015116","EOG8Z91MW","FBpp0291497","FBgn0283437","CG42639","PPO1","","","","FBpp0087744-FBpp0291496-FBpp0291497-FBpp0088363-FBpp0072365-FBpp0077690-FBpp0073484-FBpp0301841","FBgn0033367-FBgn0261363-FBgn0283437-FBgn0002565-FBgn0002564-FBgn0002563-FBgn0002562-FBgn0036782","CG8193-CG42640-CG42639-CG6806-CG6821-CG4178-CG2559-CG7320","PPO2-PPO3-PPO1-Lsp2-Lsp1gamma-Lsp1beta-Lsp1alpha-CG7320","0-0-0-7e-47-4e-39-3e-37-3e-36-6e-14",""
"100","gene7028",2,"gene7028","supercont1.387;supercont1.387;supercont1.387;supercont1.387","1000070;1001431;1001988;1060537","1001366;1001582;1002126;1061898","-;-;-;-",2950,"AAEL009300","EOG8Z0DZH","FBpp0072644","FBgn0025712","CG13920","CG13920","","","","FBpp0072644","FBgn0025712","CG13920","CG13920","3.00E-65",""
"101","gene7101",2,"gene7101","supercont1.273;supercont1.273","1428942;1430568","1428956;1432632","+;+",2080,"AAEL007671",NA,NA,NA,NA,NA,"","","",NA,NA,NA,NA,NA,""
"102","gene7142",4,"gene7142","supercont1.150;supercont1.150;supercont1.150;supercont1.150;supercont1.150;supercont1.150","573458;574394;579654;590137;596854;597197","574232;574522;580160;591145;597133;598660","+;+;+;+;+;+",4164,"AAEL005289","EOG847JK0","FBpp0074729","FBgn0022774","CG8782","Oat","","","","FBpp0074729-FBpp0078188-FBpp0075543-FBpp0074677","FBgn0022774-FBgn0037186-FBgn0036381-FBgn0036927","CG8782-CG11241-CG8745-CG7433","Oat-CG11241-CG8745-CG7433","0-9e-40-5e-31-1e-19",""
"103","gene749",1,"gene749","supercont1.86;supercont1.86;supercont1.86;supercont1.86;supercont1.86","2058119;2093001;2093260;2106750;2107152","2064786;2093154;2093441;2106988;2108184","-;-;-;-;-",8276,"AAEL003412","EOG8C5G9T","FBpp0305756","FBgn0036556","CG5830","CG5830","","","","FBpp0075276-FBpp0076921-FBpp0087803-FBpp0300408-FBpp0070474-FBpp0072407","FBgn0036556-FBgn0029067-FBgn0033322-FBgn0035426-FBgn0250874-FBgn0035124","CG5830-CG1696-CG8584-CG12078-CG2713-CG12313","CG5830-Dd-CG8584-CG12078-ttm50-ttm2","8e-148-7e-41-3e-28-1e-22-2e-17-5e-17",""
"104","gene7518",3,"gene7518","supercont1.15","3971749","3973919","+",2171,"AAEL000724",NA,NA,NA,NA,NA,"","","","FBpp0288961","FBgn0259199","CG42303","Snup","4.00E-59",""
"105","gene7586",4,"gene7586","supercont1.436;supercont1.436;supercont1.436","178872;189659;190805","179011;190741;194052","+;+;+",4471,"AAEL017458","EOG8KM1TT-EOG8KM1TT","FBpp0081774-FBpp0081773","FBgn0037845-FBgn0037846","CG14694-CG6574","CG14694-CG6574","","","","FBpp0081773-FBpp0081774-FBpp0079989","FBgn0037846-FBgn0037845-FBgn0032449","CG6574-CG14694-CG17036","CG6574-CG14694-CG17036","2e-154-1e-144-1e-133",""
"106","gene7921",1,"gene7921","supercont1.1366;supercont1.1366;supercont1.1366;supercont1.1366;supercont1.1366;supercont1.1366;supercont1.1366;supercont1.1366","58002;69320;69827;82792;83715;85141;109879;110330","61168;69803;71943;83296;84355;85370;109944;110548","-;-;-;-;-;-;-;-",7429,"AAEL014965","EOG8ZSCTX","FBpp0306419","FBgn0261552","CG42670","ps","","","","FBpp0110326","FBgn0261552","CG42670","ps","0",""
"107","gene7995",4,"gene7995","supercont1.8;supercont1.8;supercont1.8;supercont1.8;supercont1.8;supercont1.8;supercont1.8","3649059;3671176;3686894;3694579;3699159;3699416;3699855","3649358;3672150;3687245;3694789;3699347;3699784;3701218","+;+;+;+;+;+;+",3760,"AAEL000415","EOG8B5RWN","FBpp0073789","FBgn0027601","CG9009","pdgy","","","","FBpp0073789-FBpp0083935-FBpp0082094-FBpp0071489-FBpp0071488-FBpp0087065-FBpp0078711","FBgn0027601-FBgn0039156-FBgn0037996-FBgn0034552-FBgn0034553-FBgn0033733-FBgn0031703","CG9009-CG6178-CG4830-CG17999-CG9993-CG8834-CG12512","pdgy-CG6178-CG4830-CG17999-CG9993-CG8834-CG12512","0-1e-82-2e-47-4e-45-3e-40-1e-39-1e-38",""
"108","gene8105",4,"gene8105","supercont1.1;supercont1.1;supercont1.1;supercont1.1;supercont1.1;supercont1.1","4321041;4323042;4332969;4357192;4358722;4359376","4322976;4324059;4333836;4358660;4359316;4359569","-;-;-;-;-;-",6080,"AAEL000006AAEL000025",NA,NA,NA,NA,NA,"","","","FBpp0085878-FBpp0085880","FBgn0034356-FBgn0003067","CG10924-CG17725","CG10924-Pepck","0-0",""
"109","gene8190",4,"gene8190","supercont1.1188;supercont1.1188","12927;14411","14350;14622","-;-",1636,"AAEL014610","EOG85MQX1-EOG85MQX1-EOG85MQX1","FBpp0082070-FBpp0088127-FBpp0088126","FBgn0038037-FBgn0015038-FBgn0015039","CG11466-CG4485-CG4486","Cyp9f2-Cyp9b1-Cyp9b2","","","","FBpp0082070-FBpp0086933-FBpp0088126-FBpp0088127-FBpp0072228-FBpp0311645-FBpp0087770-FBpp0309923","FBgn0038037-FBgn0033775-FBgn0015039-FBgn0015038-FBgn0015040-FBgn0033302-FBgn0033304-FBgn0031726","CG11466-CG17577-CG4486-CG4485-CG3616-CG8687-CG2397-CG7249","Cyp9f2-Cyp9h1-Cyp9b2-Cyp9b1-Cyp9c1-Cyp6a14-Cyp6a13-Cyp6a16","1e-120-2e-105-3e-103-3e-102-2e-98-6e-86-3e-83-2e-82",""
"110","gene8209",2,"gene8209","supercont1.812;supercont1.812;supercont1.812","306718;337477;340877","307757;340514;343391","+;+;+",6593,"AAEL013249",NA,NA,NA,NA,NA,"","","","FBpp0111817-FBpp0088566-FBpp0306828","FBgn0023213-FBgn0260634-FBgn0010488","CG10811-CG10192-CG3845","eIF4G-eIF4G2-NAT1","7e-59-5e-45-1e-27",""
"111","gene8332",2,"gene8332","supercont1.610;supercont1.610;supercont1.610;supercont1.610;supercont1.610","294957;295922;308711;309857;325442","295581;296180;309794;310837;325924","-;-;-;-;-",3432,"AAEL011764","EOG8Z91MW","FBpp0291497","FBgn0283437","CG42639","PPO1","","","","FBpp0087744-FBpp0291496-FBpp0291497-FBpp0088363-FBpp0073484-FBpp0077690-FBpp0072365-FBpp0075491","FBgn0033367-FBgn0261363-FBgn0283437-FBgn0002565-FBgn0002562-FBgn0002563-FBgn0002564-FBgn0000639","CG8193-CG42640-CG42639-CG6806-CG2559-CG4178-CG6821-CG17285","PPO2-PPO3-PPO1-Lsp2-Lsp1alpha-Lsp1beta-Lsp1gamma-Fbp1","0-0-0-3e-50-7e-38-8e-38-6e-37-3e-07",""
"112","gene8397",3,"gene8397","supercont1.126;supercont1.126;supercont1.126;supercont1.126","2126325;2126420;2127112;2127432","2126367;2127046;2127370;2127910","+;+;+;+",1408,"AAEL004676","EOG8NCQ4W","FBpp0099609","FBgn0061356","CG18003","CG18003","","","","FBpp0099609","FBgn0061356","CG18003","CG18003","6.00E-164",""
"113","gene8724",1,"gene8724","supercont1.1834;supercont1.1834","12602;16984","16927;17800","-;-",5143,"AAEL015336","EOG89KJGP","FBpp0076870","FBgn0035587","CG4623","Gdap1","","","","FBpp0076870","FBgn0035587","CG4623","Gdap1","2.00E-60",""
"114","gene8725",1,"gene8725","supercont1.1834;supercont1.1834;supercont1.1834","4208;4483;4775","4461;4712;11699","+;+;+",7409,"AAEL015335","EOG83R6CK","FBpp0076880","FBgn0035586","CG10671","CG10671","","","","FBpp0076881","FBgn0035586","CG10671","CG10671","2.00E-166",""
"115","gene8864",1,"gene8864","supercont1.68;supercont1.68;supercont1.68;supercont1.68;supercont1.68;supercont1.68","355663;409744;410086;424633;453832;475488","355702;409935;410105;424652;454098;481856","+;+;+;+;+;+",6908,"AAEL002815","EOG8HHRT1","FBpp0288495","FBgn0051145","CG31145","CG31145","","","","FBpp0083870-FBpp0082456","FBgn0051145-FBgn0038268","CG31145-CG3631","CG31145-CG3631","0-3e-49",""
"116","gene891",3,"gene891","supercont1.127;supercont1.127;supercont1.127","2247574;2252713;2253118","2249195;2253042;2253203","-;-;-",2038,"AAEL004685","EOG8NS637","FBpp0084265","FBgn0039349","CG4685","Ssadh","","","","FBpp0084265-FBpp0084452-FBpp0081045-FBpp0079406","FBgn0039349-FBgn0051075-FBgn0032945-FBgn0012036","CG4685-CG31075-CG8665-CG3752","Ssadh-CG31075-CG8665-Aldh","0-1e-97-5e-86-9e-84",""
"117","gene924",4,"gene924","supercont1.363;supercont1.363;supercont1.363","2805;2892;18715","2830;4321;19249","+;+;+",1991,"AAEL009038","EOG8XPT6N","FBpp0076608","FBgn0035726","CG9953","CG9953","","","","FBpp0076608-FBpp0083169-FBpp0083170-FBpp0308297-FBpp0112159-FBpp0080895","FBgn0035726-FBgn0038700-FBgn0038701-FBgn0038702-FBgn0038705-FBgn0032864","CG9953-CG3734-CG18493-CG3739-CG11626-CG2493","CG9953-CG3734-CG18493-CG3739-CG11626-CG2493","0-2e-92-3e-77-9e-65-2e-47-4e-36",""
"118","gene9256",4,"gene9256","supercont1.314;supercont1.314;supercont1.314;supercont1.314;supercont1.314;supercont1.314","1172657;1174143;1183017;1183852;1184141;1194963","1174076;1174284;1183455;1184072;1184578;1195222","-;-;-;-;-;-",2920,"AAEL008319","EOG876NQR","FBpp0080049","FBgn0032514","CG9302","CG9302","","","","FBpp0080049-FBpp0073396-FBpp0080395-FBpp0087164-FBpp0075401","FBgn0032514-FBgn0030329-FBgn0025678-FBgn0033663-FBgn0014002","CG9302-CG1837-CG5809-CG8983-CG6988","CG9302-prtp-CaBP1-ERp60-Pdi","0-2e-53-1e-36-7e-25-4e-21",""
"119","gene9314",2,"gene9314","supercont1.713;supercont1.713;supercont1.713;supercont1.713","479667;480861;487313;496425","480761;481834;489481;498085","+;+;+;+",5899,"AAEL018243",NA,NA,NA,NA,NA,"","","","FBpp0081709","FBgn0037810","CG12819","sle","5.00E-06",""
"120","gene9430",1,"gene9430","supercont1.1343;supercont1.1343;supercont1.1343;supercont1.1343","191429;193779;194109;194411","193709;194045;194319;194689","-;-;-;-",3038,"AAEL014927","EOG8B8N4H","FBpp0074994","FBgn0027660","CG3897","blot","","","","FBpp0074994-FBpp0080247-FBpp0070763-FBpp0307867","FBgn0027660-FBgn0028886-FBgn0029762-FBgn0033443","CG3897-CG15279-CG3252-CG1698","blot-CG15279-NAAT1-CG1698","0-9e-11-5e-08-3e-07",""
"121","gene9588",3,"gene9588","supercont1.3;supercont1.3;supercont1.3;supercont1.3","818820;819332;822354;822621","819127;819828;822563;829002","-;-;-;-",7397,"AAEL000164",NA,NA,NA,NA,NA,"","","","FBpp0078967-FBpp0087351","FBgn0031860-FBgn0033543","CG11236-CG12338","CG11236-CG12338","2e-75-2e-52",""
"122","gene9616",2,"gene9616","supercont1.93;supercont1.93;supercont1.93","1201015;1206116;1209598","1201579;1206500;1210401","-;-;-",1754,"AAEL003620",NA,NA,NA,NA,NA,"","","",NA,NA,NA,NA,NA,""
"123","gene9652",1,"gene9652","supercont1.211;supercont1.211;supercont1.211;supercont1.211","1278752;1287481;1287767;1293138","1278775;1287690;1287931;1294657","+;+;+;+",1919,"AAEL006578","EOG8V4616","FBpp0076085","FBgn0036058","CG6707","CG6707","","","","FBpp0076087","FBgn0036058","CG6707","CG6707","4.00E-63",""
"124","gene9789",1,"gene9789","supercont1.541;supercont1.541;supercont1.541;supercont1.541;supercont1.541;supercont1.541;supercont1.541;supercont1.541;supercont1.541;supercont1.541;supercont1.541;supercont1.541;supercont1.541;supercont1.541;supercont1.541","632287;635819;643654;657335;678028;682234;684985;685244;706485;740746;747331;747487;750192;750658;765562","635755;635999;646001;657780;678661;682320;685163;686498;708629;740910;747427;747636;750604;750761;766095","-;-;-;-;-;-;-;-;-;-;-;-;-;-;-",12207,"AAEL018211","EOG815K5D","FBpp0080672","FBgn0032702","CG10376","CG10376","","","","FBpp0080672-FBpp0072452-FBpp0072955-FBpp0084399-FBpp0084808-FBpp0085235","FBgn0032702-FBgn0035143-FBgn0035425-FBgn0039421-FBgn0086361-FBgn0002645","CG10376-CG12169-CG17746-CG6036-CG1906-CG1483","CG10376-Ppm1-CG17746-CG6036-alph-Map205","4e-49-1e-26-8e-25-4e-24-4e-23-1e-05",""
