"","Row.names","vectorbase.RU","display.name","baseMean","log2FoldChange","lfcSE","stat","pvalue","padj"
"1","gene10059","AAEL002097","",2308.04490823751,-0.16189773219679,0.0545292581019545,-2.96900669167526,0.00298764090280722,0.0898042024606916
"2","gene10077","AAEL006360","AaegIr76b",46.2698550396738,0.761240594274233,0.227590037471228,3.34478873826131,0.000823452676359704,0.043178281639973
"3","gene10205","AAEL010400","",493.636668553127,0.869949420929419,0.217217746036727,4.00496477291651,6.20267238774589e-05,0.00814292406499134
"4","gene10210","AAEL010394","",306.147943730598,0.683143812072195,0.214632592840332,3.18285216160249,0.00145832053962602,0.0617355695108349
"5","gene10253","AAEL008773","",2261.0325112734,0.530842220757226,0.0943345313071595,5.62723123125262,1.83125175896579e-08,2.13963455517563e-05
"6","gene10288","AAEL013014","",690.498497220687,-0.224667044089084,0.0707764722708391,-3.17431820039511,0.00150188942743244,0.0621763629833925
"7","gene10434","AAEL001375","",10478.7198663285,0.253463101265255,0.0695317835935286,3.64528404372536,0.000267096628505787,0.0207672019717226
"8","gene1044","AAEL011952","",1344.17539538446,-0.16171063522136,0.0474566620236917,-3.40754339486897,0.000655504844575818,0.0379154386337815
"9","gene10442","AAEL017195","",4901.80677604242,0.295155598055655,0.0966791496550644,3.0529395335884,0.00226611595220856,0.0781873360523564
"10","gene10450","AAEL009052","",47.1740014860685,0.729672636470047,0.192507916509331,3.79035132529045,0.000150434355333825,0.0144071721944296
"11","gene10457","AAEL009045","",144.39533048411,0.699300615227247,0.228612720806859,3.05888759277767,0.00222160490788506,0.0774595602725758
"12","gene1047","AAEL011950","",1964.72776329687,0.440751588556562,0.150328628401007,2.93192050805415,0.00336872961501556,0.0963915296311114
"13","gene10550","AAEL006600","",2777.13129062087,0.191216380753948,0.0419344830224314,4.55988406132642,5.11818702603807e-06,0.00139071853981927
"14","gene10599","AAEL003228","",3020.14599653074,-0.144613921452357,0.0480693131603972,-3.00844576184834,0.00262587668779828,0.0857151040716113
"15","gene1062","AAEL012762","",45.4850649669205,0.912001603007918,0.228723644275946,3.98735166141209,6.68149535526238e-05,0.00846488877829551
"16","gene10665","AAEL017485","",1590.78434655316,0.46050707236193,0.105332102193488,4.37195368526882,1.23139651177383e-05,0.00261593397155735
"17","gene10667","AAEL012381","",71.0788303826668,-0.651490496219732,0.170646469996001,-3.81777892173802,0.000134658508954007,0.0134474360565693
"18","gene1067","AAEL012761","",141.181084258743,0.599603089194764,0.164748003553061,3.63951657236106,0.000273150358876983,0.0207672019717226
"19","gene10692","AAEL017102","",2315.48002961807,0.476429335311595,0.16064875517479,2.96565843160892,0.00302035732417193,0.090255383569373
"20","gene10720","AAEL005966","",3108.80390126911,-0.334838060801258,0.113353070374156,-2.95393904810892,0.00313745966096919,0.0923377296694307
"21","gene1078","AAEL008111","",18111.4761459972,-0.376809818793573,0.117386787896518,-3.20998491862429,0.0013274193670308,0.0596521841707228
"22","gene10798","AAEL012911","",14365.2124655779,0.323435350644394,0.110139960267149,2.93658495844639,0.00331847907538061,0.0957360728808569
"23","gene10823","AAEL009789","",44.5596668328734,-0.607408250516173,0.193145343244482,-3.14482472273391,0.00166186365137253,0.0649405180690189
"24","gene10826","AAEL009798","",762.767120335884,-0.205551912035506,0.0687546295243187,-2.98964467494951,0.00279302144305031,0.0889200614185281
"25","gene10926","AAEL010246","",1044.31397785994,-0.13943074181537,0.047654632643242,-2.92585912599922,0.00343506447717808,0.0971991539010561
"26","gene10985","AAEL010997","",87.4901886403267,0.725157292377816,0.21602946496219,3.35675178617295,0.0007886387741135,0.0430582029754305
"27","gene11006","AAEL005547","",3285.91035737034,0.396786893223737,0.133218671556116,2.97846306819385,0.00289697939662832,0.0895417383525051
"28","gene11030","AAEL005552","",2685.7144757907,-0.378022380767025,0.124995934115256,-3.02427741704349,0.00249227788381515,0.0831993565557034
"29","gene11032","AAEL007197","",9529.66056962216,-0.465756899953327,0.118142289028139,-3.94233854604249,8.06909678992155e-05,0.00955608765090304
"30","gene11123","AAEL013554","",434.09950819059,-0.731140548929956,0.156686586951549,-4.66626124899918,3.06729670493536e-06,0.000951060638764268
"31","gene1113","AAEL007127","",759.961093916603,0.347506657099204,0.094066587628319,3.69426239285187,0.00022052599264829,0.0188074868474643
"32","gene11137","AAEL013559","",2760.15348152372,0.71748437685217,0.2265806505654,3.16657391115168,0.0015424614264511,0.0621763629833925
"33","gene11149","AAEL007902","",1278.31940329523,0.419418045019595,0.13297931198248,3.15400973855884,0.00161043711697916,0.0637842280501168
"34","gene11153","AAEL007892","",3665.49407227623,-0.652525075489635,0.156291985225997,-4.1750386275156,2.9793549576194e-05,0.00478248966129295
"35","gene11155","AAEL007898","",37804.2841838285,0.532942848389862,0.150170946421109,3.54890783531046,0.000386832449393296,0.0258950304030372
"36","gene11186","AAEL012306","",1231.43382306911,-0.261693562990761,0.0868066082370833,-3.01467328703861,0.0025725620675611,0.0846699019644616
"37","gene11212","AAEL007923","",6081.5796458102,0.318778854566156,0.0864226344528728,3.68860376201548,0.000225488065916724,0.0189539752674173
"38","gene11214","AAEL015547","",965.892008339978,0.458189592349671,0.12041800212647,3.80499247835429,0.000141808499912321,0.013807420941463
"39","gene11290","AAEL014964","",896.501883692113,0.765449302873758,0.229177167100243,3.33998937398046,0.000837815954995792,0.0435068516363148
"40","gene11297","AAEL003368","",14587.3387156606,0.189041374641725,0.0612798875579199,3.08488448943463,0.00203631221023981,0.0736602844100368
"41","gene11391","AAEL001030","",958.924483401845,-0.337437203213658,0.109810811086392,-3.07289600973973,0.00211992347725581,0.0754615501164837
"42","gene11398","AAEL001031","",27598.9812337593,-0.430038910578712,0.110334709025834,-3.89758503353664,9.71567123449711e-05,0.0102508085602869
"43","gene11475","AAEL005200","",139.904236365809,0.714246772603249,0.228790783757805,3.12183367210867,0.00179728448654981,0.0690772103317369
"44","gene11529","AAEL000589","",4582.36381896967,0.236490468037286,0.0593021462890845,3.98789053745963,6.66634076347499e-05,0.00846488877829551
"45","gene11537","AAEL017183","",344.801800857134,0.389627806511996,0.0863090998698446,4.51433055262493,6.35170827309368e-06,0.00164918576584059
"46","gene1159","AAEL006526","",78858.9501707769,-0.456641443002529,0.132769258853614,-3.43936124179169,0.000583088608797996,0.0352995197160403
"47","gene11671","AAEL017018","",1111.73395950656,0.453524888523,0.152281617731399,2.97819851981707,0.00289948118454915,0.0895417383525051
"48","gene11683","AAEL012439","",1402.0363169577,-0.482954855740866,0.15980748329603,-3.02210413292243,0.00251024177576827,0.0833229116706719
"49","gene11691","AAEL012443","",2829.48218578776,0.409766439788555,0.1301522127483,3.14836322130765,0.00164187540812354,0.0643747391560922
"50","gene11739","AAEL000712","",5869.17845489316,0.387272861022943,0.0767863777645951,5.04350995967293,4.57068965174935e-07,0.000254304466147807
"51","gene11746","AAEL000714","",22208.2324899923,-0.317914781931059,0.0720280699024078,-4.4137623340707,1.01589482505004e-05,0.00232739512468328
"52","gene11789","AAEL009386","",11744.1418660466,0.205369486253417,0.0640981501473022,3.2039846045707,0.00135539724245531,0.0596868774395498
"53","gene11836","AAEL000765","",48.672471800436,-1.15781650913424,0.226432927622982,-5.11328684078158,3.166009800293e-07,0.000184958292533117
"54","gene11853","AAEL000794","",10113.8697685309,0.27275465980176,0.0635816916432563,4.28983018149517,1.78809791575535e-05,0.00332469011649439
"55","gene11879","AAEL014899","",1778.54254785255,-0.452475039902269,0.133838886270128,-3.3807442105356,0.000722898042068552,0.0408035783745361
"56","gene11886","AAEL012707","",1417.8816469275,0.578548400922961,0.160415995673474,3.60655057180577,0.000310294407057749,0.0225725153365335
"57","gene11986","AAEL010005","",1910.13031043084,-0.174283312888382,0.05379346901292,-3.23986008127721,0.00119588365989733,0.0547289488725925
"58","gene1200","AAEL012525","",827.506391478833,-0.32324590145881,0.0732155331883574,-4.41499074557327,1.01014311603639e-05,0.00232739512468328
"59","gene12000","AAEL010011","",619.292931220048,-0.204094687188449,0.069971544986087,-2.91682407797386,0.00353615156635056,0.0986755652301937
"60","gene12014","AAEL009662","",1003.33053567505,0.331960144411332,0.0744538324181626,4.45860385731269,8.24952232524796e-06,0.00201151762616156
"61","gene12031","AAEL006896","",95.4452760725446,-0.779325310533653,0.221210772340756,-3.52299891315044,0.000426693110110121,0.02785185641635
"62","gene12067","AAEL012297","",5925.91156127175,-0.338417267355219,0.115393826953617,-2.93271552117988,0.00336011618165784,0.0963915296311114
"63","gene12104","AAEL002938","",8561.70725472793,0.152232952053627,0.0451827919769201,3.36926837392851,0.000753680065530787,0.0414217624188119
"64","gene12106","AAEL002941","",404.701085082572,-0.400820655892344,0.129370320908992,-3.09824272735869,0.00194671913354818,0.072207829702784
"65","gene12157","AAEL018061","",7030.65732363637,0.233184107474413,0.0643492442039395,3.62372721481222,0.00029038786993359,0.0214739991917979
"66","gene12182","AAEL004405","",238.338854135487,-0.347618363383246,0.109934717229781,-3.16204354859684,0.00156666133212466,0.0626879143991251
"67","gene12207","AAEL002865","",17443.3116103398,0.210257235059797,0.0689058363058099,3.051370483723,0.00227799302559701,0.0781929108322999
"68","gene12216","AAEL002862","",10585.6927239928,0.327134817976375,0.0921350943987229,3.5505994769015,0.000384354852209143,0.0258950304030372
"69","gene12233","AAEL015303","",751.51854329316,0.618334610118801,0.163416904845442,3.78378608200671,0.000154460594653571,0.0144377407034586
"70","gene12266","AAEL014187","",1008.56037081326,-0.284728022801906,0.0818840822302764,-3.47720845183545,0.000506663741156756,0.0318213853329743
"71","gene12271","AAEL014183","",2789.63737367902,-0.143763430527217,0.0394862154904934,-3.640851085408,0.000271738281202458,0.0207672019717226
"72","gene12277","AAEL004501","",83680.2346017246,0.352587861193118,0.0882195271173596,3.9967099429593,6.42289202858868e-05,0.00833834116244779
"73","gene12283","AAEL004498","",4478.90590226127,0.376954283907114,0.084636298560275,4.45381343843458,8.43584078071862e-06,0.00201151762616156
"74","gene12318","AAEL011660","",293.140756471249,0.438305720141729,0.110883305518617,3.95285582524538,7.72239705168552e-05,0.00930190589194779
"75","gene12363","AAEL001798","",10269.1112519526,0.321602517674158,0.0618383066054245,5.20070059043219,1.98538715023174e-07,0.000136454490960633
"76","gene12396","AAEL009858","SIFamide",34631.6068608058,-0.348668227937184,0.115056492111194,-3.03040898900535,0.00244222778717508,0.0817621474651966
"77","gene12406","AAEL011221","",323.068098908544,0.436447119999587,0.1389939489281,3.14004403332232,0.00168922442127753,0.0657896604606887
"78","gene1248","AAEL008334","",524.025378298865,0.344536811359892,0.115608952319819,2.98019145097666,0.00288068281107606,0.0895417383525051
"79","gene1260","AAEL002205","",540.508098069107,0.417717660767572,0.139124526205306,3.00247319549643,0.00267795555446593,0.0864190374925338
"80","gene12614","AAEL004818","",1784.2991686873,0.236957098471744,0.0434417334940237,5.45459583246931,4.90843582055462e-08,4.09644029481144e-05
"81","gene12618","AAEL004816","",11906.1471792546,0.342176185438832,0.0904850745824985,3.78157598938439,0.000155838635964759,0.0144509414493036
"82","gene12647","AAEL006685","",3628.41898562854,0.365001160455785,0.0908434510660038,4.01791385259667,5.87156538736433e-05,0.00796401519230027
"83","gene12721","AAEL009020","",494.911551436504,-0.470687625191127,0.148284739588404,-3.17421486862115,0.00150242424453939,0.0621763629833925
"84","gene12757","AAEL001875","",887.015416572833,0.419856618396752,0.104639354112744,4.01241599737298,6.0100468573911e-05,0.007979703122927
"85","gene12823","AAEL011498","",5986.72420377594,-0.466088831793814,0.12681631793454,-3.67530645412997,0.000237564081790059,0.0196858066073408
"86","gene12839","AAEL014246","",10870.007009205,-0.562046988941313,0.160285542519435,-3.50653577426152,0.000453980406865539,0.0289852845563768
"87","gene12844","AAEL008718","",1743.53544482276,-0.123108259073961,0.039471853314568,-3.11888722561009,0.00181535429110861,0.069276318821272
"88","gene1286","AAEL002206","",2916.52627291257,0.201541742521155,0.0595103090506185,3.38666939789754,0.000707465851069115,0.0405197598229977
"89","gene12874","AAEL003858","",3743.37234033362,0.179993109464429,0.0434181071884358,4.1455770672649,3.38958968259103e-05,0.00514337218849268
"90","gene1289","AAEL002185","",408.785048590998,0.708277832004257,0.224539929227712,3.1543513638769,0.00160855293117905,0.0637842280501168
"91","gene12892","AAEL003859","",1208.17033170307,0.351179979331643,0.108549129760713,3.23521690229843,0.00121550355204636,0.0552604805529558
"92","gene1294","AAEL002240","",8297.91955758236,0.153886962217545,0.0525813457198201,2.9266455643325,0.00342639119955365,0.0971991539010561
"93","gene12959","AAEL011710","",851.332355991928,-0.289671088285416,0.0969492850784981,-2.98786203581464,0.00280936341220247,0.0889555612687633
"94","gene12982","AAEL001532","",4847.74904075883,0.331468455346657,0.106043531055444,3.12577723551426,0.00177335828692588,0.0683825683974982
"95","gene12985","AAEL001511","",2571.75587715459,0.523181629556425,0.133683283850352,3.91359049903417,9.09337975124402e-05,0.00992963074892852
"96","gene12998","AAEL001512","",321.291272941363,0.777771754453234,0.146226597233154,5.31894859874978,1.04368613463502e-07,7.6215179981722e-05
"97","gene13016","AAEL015000","",132.974494382096,0.704780916424781,0.164312820873396,4.28926308171545,1.7926692685651e-05,0.00332469011649439
"98","gene13023","AAEL007437","",159.444535941736,0.619814857734376,0.211844759658606,2.92579745061066,0.00343574551190826,0.0971991539010561
"99","gene13081","AAEL008120","",2794.12263451612,-0.209900426995048,0.066974155270681,-3.13405112982344,0.00172410811219538,0.066925180009604
"100","gene13101","AAEL007046","",892.705131514154,-1.21669680645334,0.178625108448289,-6.8114545431085,9.66168277135223e-12,3.76290338334932e-08
"101","gene13111","AAEL007061","",1709.61645483605,-0.264739247087889,0.076934386820872,-3.44110427115364,0.000579345227847062,0.0352555710529431
"102","gene13126","AAEL011398","",42.8602895494505,-0.620384068279484,0.191018787894998,-3.24776465768647,0.00116315434171599,0.0539297433674986
"103","gene13168","AAEL013363","",1927.36576313876,0.342019315628943,0.106973087826871,3.19724635959354,0.00138746372041028,0.0604892765271405
"104","gene13184","AAEL013496","",155.008328682545,0.928178260885562,0.223786882321635,4.14759905163497,3.35980125464112e-05,0.00514337218849268
"105","gene13192","AAEL013498","",166.884311739935,0.743775665484423,0.228444549034734,3.25582583881804,0.00113063081361056,0.0530533752057259
"106","gene13193","AAEL013492","",1628.62657434699,0.745390613131036,0.225699994898237,3.30257257412484,0.000958022936339611,0.0472301265324558
"107","gene13202","AAEL008062","",218.931964543961,0.601599667312173,0.202371073987933,2.97275522364448,0.00295139718861999,0.0896999748863568
"108","gene1322","AAEL011634","",23.6874654223883,0.672972286639158,0.224776355950505,2.99396386151639,0.00275378559552024,0.0879571924381913
"109","gene1328","AAEL011633","",52.2713749131785,0.747171395140131,0.212734460744503,3.51222548770551,0.000444370804272,0.0288446026506336
"110","gene13394","AAEL012180","",1866.14546619645,-0.20799436113121,0.0512113800463531,-4.06148713319086,4.87611061498286e-05,0.00686415378619997
"111","gene13419","AAEL002341","",97.2928189952071,0.65049727347359,0.187149317738585,3.47581963607381,0.000509294681381907,0.0318213853329743
"112","gene13456","AAEL002277","",45920.9887541954,0.32915260362268,0.103834384277653,3.16997693887725,0.00152451036501927,0.0621763629833925
"113","gene13484","AAEL006548","",747.526550984421,-0.243508857097651,0.0602917384448234,-4.0388428560656,5.37155350984675e-05,0.00738367425988817
"114","gene13564","AAEL010642","",1239.95217451804,-0.245654494103221,0.0803293839273382,-3.05809010467984,0.00222752586884504,0.0774595602725758
"115","gene13578","AAEL004137","",2890.15682330164,-0.381831169277143,0.0901842943267024,-4.23389873068051,2.29674401506397e-05,0.00406593288969809
"116","gene13589","AAEL004141","",8395.58202540674,0.194033733351945,0.0579197909286304,3.35004201916123,0.000807993023066026,0.043107719093623
"117","gene13592","AAEL004129","",10545.3019799939,0.227232189736976,0.0637099022234247,3.56666988657577,0.000361546456360965,0.0249198633516424
"118","gene13676","RU156","",91.7330205521381,-1.2292432185653,0.224354210940097,-5.47902895788974,4.27666373292136e-08,3.8437337734964e-05
"119","gene13750","AAEL008569","",14179.9367087874,-0.193877914856771,0.0609589884686573,-3.18046476372316,0.00147039019914441,0.0617987017510909
"120","gene13765","AAEL010074","",4834.18176728221,0.221196543728276,0.0643613179113378,3.43679326195572,0.00058864472221605,0.0354521903833625
"121","gene13766","AAEL010068","",3908.33523840998,0.21652928742217,0.0728132988448935,2.97376016273373,0.00294174909317019,0.0896999748863568
"122","gene13768","AAEL017263","",9210.48607846683,0.143608679710861,0.0334080700209199,4.29862244723908,1.71862945067972e-05,0.00329187975438392
"123","gene13795","AAEL005324","",7526.675704189,0.726320899596425,0.227833683359162,3.18794345457444,0.00143288554345593,0.0611015864589019
"124","gene13834","AAEL002153","",567.696869489926,-0.27438221658116,0.0886768379659204,-3.09418133161906,0.00197356822694071,0.0722858030206121
"125","gene13835","AAEL002139","",949.95180130371,-0.185740191893833,0.062807049134571,-2.95731441698311,0.0031033149559975,0.0920161778050423
"126","gene13842","AAEL002178","",3193.86809743144,0.170543368855927,0.0568158334682475,3.00168735448082,0.00268487766259755,0.0864190374925338
"127","gene13863","AAEL002141","",16699.9512415135,-0.335536990457183,0.100618532803589,-3.33474342258761,0.000853781371730724,0.0441397413597424
"128","gene14059","AAEL009874","",2165.20117759446,0.280365819506888,0.0753885903858861,3.71894232365666,0.000200058721692265,0.0175750834906197
"129","gene14106","AAEL009637","",33689.4510539761,-0.265919689962757,0.0593945683535195,-4.47717185820746,7.56383594884863e-06,0.00192121433100755
"130","gene14131","AAEL005513","",4544.59200596966,0.400703717216954,0.132080471365108,3.0337847304413,0.00241506692304777,0.0810851779565808
"131","gene14168","AAEL017413","",287.985186927394,-0.777738399103799,0.20222199578839,-3.84596342287929,0.000120079676513585,0.0122902231646559
"132","gene14192","AAEL007461","",403.334561550745,-0.259553877253445,0.0758211156236814,-3.42324001854145,0.000618794125335842,0.0364979993422974
"133","gene14205","AAEL007477","",1249.29584886105,-0.420481006537889,0.133528017650187,-3.14900957819544,0.00163824825676805,0.0643747391560922
"134","gene14237","AAEL009747","",65660.4946584563,-0.221102680039,0.0698215612825009,-3.16668198157887,0.0015418883719809,0.0621763629833925
"135","gene14286","AAEL000328","",22666.0578552834,0.246127513042186,0.0801379974963935,3.07129602350324,0.00213131731756587,0.0754615501164837
"136","gene14350","AAEL011906","",4397.95843917536,-0.488595967473839,0.165957563247749,-2.94410184092931,0.00323893400683936,0.0943733290172347
"137","gene14436","AAEL014837","",118.982076601919,0.965826091586631,0.229098883144915,4.2157608030577,2.48937511801683e-05,0.00415512269698694
"138","gene14492","AAEL005772","AaegObp22",197830.897626074,-0.454737435302578,0.137398602066561,-3.30962199369602,0.000934220447565122,0.0466471440570551
"139","gene14563","AAEL000545","",13103.5819389315,-0.519925543034332,0.118274385784887,-4.3959268068401,1.10301099789305e-05,0.00243161896214763
"140","gene14699","AAEL018325","",300.88317537667,0.660056004085893,0.224546579241546,2.93950594266621,0.00328735966582755,0.095546045610769
"141","gene14753","AAEL007983","",555.748508468003,-0.208085931484127,0.0656229714407418,-3.17093125952137,0.00151951095898012,0.0621763629833925
"142","gene14771","AAEL004018","",76.5072863396394,-0.605377875243985,0.188980420382709,-3.20338939884893,0.0013582019819932,0.0596868774395498
"143","gene14831","AAEL002733","Neuropeptide F (NPF)",2567.98554308083,-0.320546429738402,0.101063386289515,-3.1717364864476,0.00151530436302582,0.0621763629833925
"144","gene14896","AAEL014553","",272.239460161934,-0.747730192799075,0.207453850933012,-3.60432062088122,0.000312970513909485,0.0225725153365335
"145","gene15000","AAEL014051","",1365.31917466902,0.178598341570823,0.0613769678846956,2.90985931247602,0.003615914833039,0.0996423323330842
"146","gene15031","AAEL005158","",728.975760465905,-0.409820932823208,0.13442630004781,-3.04866631512919,0.00229859639949101,0.0782997094217286
"147","gene15052","AAEL006987","",411.185895680686,0.444675450071585,0.139539533467624,3.18673453336977,0.00143888775473824,0.0611344164594966
"148","gene15135","AAEL011615","",705.107938956322,-0.298573051097633,0.095891719847084,-3.11364788924174,0.00184789874569736,0.0697083856590511
"149","gene15161","AAEL012369","",1621.43575368148,0.598811425799645,0.141573488689755,4.22968616046386,2.34017555601566e-05,0.00408098674574432
"150","gene15195","AAEL013279","",28992.3841689723,-0.533567948624571,0.10955518211992,-4.87031227825011,1.11422013627706e-06,0.000482168447120784
"151","gene15225","AAEL007680","",1195.60688000072,-0.337819782986359,0.0950426972394071,-3.55440020957539,0.000378842247643035,0.0257348419852397
"152","gene15228","AAEL012421","",3037.88563302651,0.527509859045933,0.123365783426024,4.27598191651134,1.90296670696224e-05,0.00347410359439793
"153","gene15239","AAEL005001","",1031.88488458714,-0.313683899326404,0.0964538521111281,-3.25216559484837,0.00114529275359972,0.0535264021322365
"154","gene15256","AAEL007389","",453.408802496055,-1.11373808081851,0.227452410291836,-4.89657629650754,9.75207949148941e-07,0.000455773187114249
"155","gene15304","AAEL011293","",1540.55368350953,-0.226686342713427,0.0731146362876345,-3.10042358443306,0.00193244069537816,0.071906487531205
"156","gene15314","AAEL014650","",182.844998206524,0.734152310636727,0.227017843669215,3.23389694294891,0.00122113511103221,0.0553013280515516
"157","gene15332","AAEL009314","",11056.3858676609,-0.347647998655186,0.0699405620722885,-4.9706206006161,6.67389329003384e-07,0.000339033779133719
"158","gene15359","AAEL007541","",978.886369060687,-0.236019198023393,0.0713645005450153,-3.30723533719005,0.000942216992815429,0.0467944424871389
"159","gene15369","AAEL007543","",67.3400234376328,-0.84875099486968,0.206738192335084,-4.10543879330247,4.03548127537207e-05,0.00589382040268091
"160","gene15460","AAEL006020","",2595.80776915608,-0.191958134624918,0.0624265529629268,-3.07494368204048,0.0021054230592365,0.0752286331012823
"161","gene1547","AAEL002075","",79311.2155943359,0.609289506746606,0.189507302937306,3.21512415248807,0.00130388116131686,0.0588206466750047
"162","gene1550","AAEL002078","",2466.479786297,-0.170456908580441,0.0477059160537752,-3.5730769405685,0.000352811041043548,0.0248327964069447
"163","gene15546","AAEL006046","",511.905574878689,0.52897710748929,0.138434212001202,3.82114435328096,0.000132833868532761,0.0133795768960067
"164","gene15548","AAEL006057","",3583.34715016027,0.573821413025834,0.131797897460752,4.35379792911121,1.33799046599297e-05,0.0026953587249417
"165","gene1556","AAEL014510","",18492.2308287492,0.38107803503801,0.096908628195493,3.93234371524963,8.41216693321274e-05,0.00963605474977036
"166","gene15573","AAEL002565","",5737.27628009352,0.674318990423227,0.228931917846261,2.94550011534899,0.00322433027546088,0.0941826873462123
"167","gene1583","AAEL001238","",1591.82229522186,0.364669444342436,0.095720413012447,3.80973538314148,0.000139115606326863,0.0136590482716224
"168","gene15961","RU377","",17043.3587093756,0.282093037220835,0.0945290665722116,2.9841936184289,0.00284326790756091,0.0894655414933786
"169","gene1605","AAEL015320","",2057.65921474851,0.427459619159897,0.139143837763361,3.07207006814682,0.00212579818865466,0.0754615501164837
"170","gene1607","AAEL014741","",1377.29587763648,0.611566328608504,0.172674400149551,3.54173130515488,0.000397510169383062,0.0263892546538165
"171","gene1608","AAEL014742","",609.264789921303,0.59952136449442,0.170945178414271,3.50709724635539,0.000453023558309813,0.0289852845563768
"172","gene1639","AAEL003701","",5191.27168477706,-0.14341185520199,0.0491193740363296,-2.91965966618222,0.00350413837559407,0.098583494257885
"173","gene164","AAEL008229","",3303.83845815248,0.563158960030517,0.172391517098313,3.26674403421692,0.00108791997290719,0.0518826814834598
"174","gene1660","AAEL017573","",1898.27028775631,0.310201290183258,0.0778984436531052,3.98212436136255,6.8302022833732e-05,0.00848979611478005
"175","gene180","AAEL007268","",3653.50359446249,0.460215364433358,0.105193727210418,4.37493162983752,1.214705442683e-05,0.00261593397155735
"176","gene1808","AAEL001423","",6987.4899766797,-0.403038029061752,0.110495316782048,-3.64755756894877,0.000264745005301526,0.0207672019717226
"177","gene1824","AAEL001396","",379.216073520706,-0.355770129118471,0.111065234691294,-3.20325374638909,0.00135884195471758,0.0596868774395498
"178","gene1826","AAEL001421","",27232.1896500176,0.211880994630804,0.0379168658904827,5.58804082707656,2.29645661687859e-08,2.43925446469176e-05
"179","gene186","AAEL007260","",1219.36685471237,-0.333526566083978,0.0666431081409586,-5.00466702991294,5.5958672470174e-07,0.000297191422337052
"180","gene1894","AAEL004359","",4804.8416699989,-0.203204768546795,0.0557992273942918,-3.6417129418459,0.00027082997126079,0.0207672019717226
"181","gene1901","AAEL014149","",2242.37076489826,-0.151267733399755,0.04888379185284,-3.09443534689642,0.00197187906749891,0.0722858030206121
"182","gene1973","AAEL014030","",3159.54397500717,0.559333732870162,0.176805303866989,3.16355743089556,0.00155853598275047,0.0625770942352458
"183","gene1981","AAEL012913","",151.070999357305,0.491182327194389,0.164888631045818,2.97887321933011,0.00289310456402007,0.0895417383525051
"184","gene2081","AAEL006415","",5508.0726095662,0.220492312282404,0.049473964436477,4.45673426000677,8.32176553202102e-06,0.00201151762616156
"185","gene2132","AAEL011307","",360.759873365831,0.258036313588507,0.0842110677301808,3.06416152346241,0.00218281022240872,0.0768191404777816
"186","gene2158","AAEL013482","",266.435651281312,-0.48916354495958,0.163993880151541,-2.98281584963758,0.00285609782412104,0.0894655414933786
"187","gene2204","AAEL011172","",265.347747882436,0.632820370666368,0.182799112244602,3.46183503243492,0.000536505898261589,0.0329922890278337
"188","gene2273","AAEL007874","",6939.40208719494,-0.239013804131332,0.0803973984992159,-2.97290470329911,0.00294996025709733,0.0896999748863568
"189","gene2276","AAEL007889","",69819.3632300777,-0.141295275353244,0.0366726337504665,-3.85288049706675,0.00011673637219298,0.0121781051134177
"190","gene2292","AAEL005801","",4236.60190837417,0.240783768621984,0.072824522248616,3.30635562290366,0.000945180454207872,0.0467944424871389
"191","gene2371","AAEL014620","",2324.43525968058,0.50781508512836,0.150356999604117,3.37739570798441,0.00073175696458428,0.0408795840361317
"192","gene2374","AAEL008185","",2459.98916811069,0.273320082942704,0.0456049748967676,5.99320761740133,2.05741907913901e-09,3.60958689099067e-06
"193","gene2392","AAEL008156","",1419.04534960189,-0.422633661518653,0.111669941081578,-3.78466808010501,0.00015391385815927,0.0144377407034586
"194","gene2395","AAEL008152","",655.263871878956,-0.550361976799747,0.133228969960509,-4.13094822367,3.6126995209554e-05,0.00536187444594529
"195","gene2402","AAEL008179","",6261.22699793765,0.165778667300261,0.0434885750942474,3.81200503674793,0.000137844067077592,0.0136488989808015
"196","gene2416","AAEL011465","",823.672121383271,-0.481036115768876,0.156975880667132,-3.06439507601118,0.00218110667120201,0.0768191404777816
"197","gene2456","AAEL008627","",463.977656340407,-0.228928263298163,0.0687344274684021,-3.33062006522719,0.000866527849854892,0.0446013717960553
"198","gene2465","AAEL006200","",2283.94923838702,0.37788158588195,0.10331083514243,3.65771494694609,0.000254473829543849,0.0207672019717226
"199","gene2472","AAEL006194","",9539.56942228937,0.488176326670079,0.0860490213883825,5.67323507918462,1.40125729912754e-08,1.81914336477846e-05
"200","gene2480","AAEL006207","",1346.98368271709,-0.413512885459013,0.105497353710793,-3.91965173451273,8.86770174531127e-05,0.00986764068497303
"201","gene2483","AAEL006210","",23133.9661448088,0.431625832716274,0.119733035868952,3.6049017682028,0.000312271019743752,0.0225725153365335
"202","gene253","AAEL009908","",1068.44173375415,-0.190410844400312,0.0538915392052942,-3.53322334466941,0.000410525500676819,0.0270993217508924
"203","gene2545","AAEL011112","",2583.80036130066,-0.415994486817715,0.0984760389925775,-4.22432188655628,2.39661305746218e-05,0.00411794514167473
"204","gene2556","AAEL011129","",1272.86830228183,-0.559877978911135,0.155998152816935,-3.5890039003741,0.00033194387531508,0.0237940628170638
"205","gene2567","AAEL013593","",846.732652021997,-0.263391224075831,0.0727568717571972,-3.62015597584809,0.000294425478147991,0.0216356433124599
"206","gene2610","AAEL001095","",1044.70448454368,-0.170954826690142,0.0579476969279404,-2.95015739629358,0.00317612080527223,0.0930070062375959
"207","gene2636","AAEL012322","",3746.99995718881,0.485326694764523,0.14952504245309,3.24578871072236,0.00117125733730383,0.054090793395486
"208","gene2675","AAEL001742","",3932.85888544467,0.310782861078301,0.0668005438144224,4.65240016520947,3.28093595647405e-06,0.00095836139288607
"209","gene268","AAEL008651","",7174.07062433256,-0.206433548095102,0.0662050607277312,-3.11809317635191,0.00182025247159624,0.069276318821272
"210","gene2723","AAEL005216","",331.266268625506,-0.598080318701899,0.162334979622867,-3.68423564712513,0.000229389953208479,0.0191442300949133
"211","gene2746","AAEL011429","",2420.61947163234,-0.168145984147177,0.0526275666552174,-3.19501726630766,0.00139822475235602,0.0607318141506609
"212","gene2771","AAEL006958","",3414.29867918941,0.227257535761869,0.0615758532549193,3.69069243459836,0.000223644423091271,0.0189352278217276
"213","gene2773","AAEL006939","",2033.05211666159,0.497409086454459,0.150017744904266,3.31566833491519,0.000914242611579656,0.0460431494555892
"214","gene2813","AAEL014662","",265.917733071864,-0.959342284334175,0.205760732737198,-4.66241673798601,3.12517539588116e-06,0.000951060638764268
"215","gene2816","AAEL013356","",5320.29714314979,0.234029478394579,0.0667971627937395,3.50358411355329,0.000459041656326152,0.0291491451767107
"216","gene2840","AAEL006599","",420.584693243608,0.459266365860909,0.157761199505119,2.91114904869881,0.00360102192885077,0.0994850596994988
"217","gene2899","AAEL001300","",929.969660345772,-0.230720882183936,0.064701607998598,-3.56592191942023,0.000362579319563437,0.0249198633516424
"218","gene2973","AAEL013467","",1192.73758648634,-0.225445295501357,0.0711551646971335,-3.16836165668294,0.00153300689264354,0.0621763629833925
"219","gene3035","AAEL006469","",1463.61646384944,0.140419546358055,0.0391810161706216,3.58386688457926,0.000338544668910812,0.0241192433631337
"220","gene3135","AAEL013778","",5866.86222339996,0.146831804786316,0.044780666396903,3.27891066838771,0.0010420861784927,0.0505217216162188
"221","gene3140","AAEL008760","",9450.37393409548,0.25842462030862,0.0854901296941677,3.02285914447794,0.00250398763187552,0.0833229116706719
"222","gene3144","AAEL008761","",699.361757503204,-0.245070217109419,0.0811992169983446,-3.01813522554552,0.00254335387181206,0.0841828516664364
"223","gene3241","AAEL010412","",518.986131482409,-0.238080378959544,0.0783805044375638,-3.03749485497625,0.00238553476993171,0.0803244618209858
"224","gene3262","AAEL005880","",1340.93581832247,-0.17653828610085,0.054112823783963,-3.26241126882698,0.00110468749581755,0.0522557437292803
"225","gene3308","AAEL005044","",2702.48663944624,0.548135923641037,0.177805377274074,3.08278597669251,0.00205072584318886,0.0739527183698107
"226","gene3328","AAEL005043","",95.9111691478855,-0.5975080587156,0.201336944678752,-2.96770202641631,0.00300035037021866,0.0898874198093202
"227","gene3333","AAEL005032","",40833.307062468,-0.534116448368018,0.167893543023592,-3.18128046349564,0.00146625605648483,0.0617987017510909
"228","gene3346","AAEL003971","",2951.40567467176,-0.541220084055034,0.165490352070064,-3.27040263849276,0.00107394503985048,0.0514261223180861
"229","gene3364","AAEL003975","",509.379533777572,0.233935169881903,0.0741403714382725,3.15530075374214,0.0016033273564695,0.0637842280501168
"230","gene3368","AAEL003960","",545.756139413942,-0.440346629578691,0.112699107537024,-3.90727698916361,9.33421271000531e-05,0.0100055909452938
"231","gene3416","AAEL006874","",95.1840186859597,0.786569215742598,0.226704374685912,3.46958110902074,0.000521270650009708,0.0323964163548587
"232","gene3424","AAEL006856","",770.029668465421,-0.23847119326552,0.0653725820002088,-3.64787784066351,0.00026441529595574,0.0207672019717226
"233","gene3427","AAEL017234","",36.9754272539716,0.643018714687961,0.220827294338261,2.91186248789967,0.00359280765703082,0.0994850596994988
"234","gene3492","AAEL003770","",1131.71294560277,-0.251105780178905,0.0552521496034352,-4.54472417781358,5.5007236372057e-06,0.00146069215857071
"235","gene3541","AAEL004319","",941.569484938441,0.561741140341437,0.149858868332887,3.74846778566096,0.000177918184434605,0.0159907389764148
"236","gene3564","AAEL009692","",2586.40965701641,0.251076033193806,0.0756079136384217,3.32076394006218,0.000897714312271931,0.0456038870634141
"237","gene3582","AAEL012131","",255.863164290277,0.339446850814852,0.112664233255237,3.01290694488506,0.0025875824840352,0.0849250386052452
"238","gene3719","AAEL012685","",4044.75066918475,-0.383032666575793,0.109145890851981,-3.50936405929606,0.000449179609997465,0.0289852845563768
"239","gene3720","AAEL017080","",1115.79805710713,0.582089655342037,0.119950610936696,4.85274439868617,1.21764584562218e-06,0.000508106216437484
"240","gene3764","AAEL001343","",654.213317010914,0.503190206341232,0.0943605462400075,5.33263346167327,9.67985761470212e-08,7.53996375801197e-05
"241","gene3802","AAEL011742","",20892.5500316757,0.195813905263703,0.0539929748380438,3.6266552426693,0.000287116229072782,0.0213672994935438
"242","gene3809","AAEL011741","",35276.6425970615,-0.474424531298886,0.132619085692104,-3.5773473239013,0.000347098833378383,0.0245788046617759
"243","gene3864","AAEL002646","",3224.77717674714,0.304836225479762,0.0699355338082544,4.3588174548799,1.30767129882166e-05,0.00268049674656707
"244","gene3866","AAEL002638","",32029.5788272441,-0.273347148008751,0.09065004308323,-3.01541112074021,0.00256631140450013,0.0846699019644616
"245","gene3929","AAEL005446","",8002.94486266073,-0.267972281839441,0.0684189283358325,-3.9166395668185,8.97918415879514e-05,0.00989743280295872
"246","gene3940","AAEL005449","",4007.90446802574,-0.157324272021231,0.0431984204366722,-3.64189871830763,0.000270634554751785,0.0207672019717226
"247","gene3956","AAEL008503","",488.164166513809,0.3400569528911,0.102476780703866,3.31838052049845,0.000905410481097098,0.045795740524409
"248","gene3960","AAEL008500","",2496.66127216077,0.245767528259145,0.0827777895565682,2.96900327461865,0.00298767412599869,0.0898042024606916
"249","gene3968","AAEL008495","",1015.84830852254,0.306836363127424,0.100603623861574,3.04995338487623,0.00228876887235934,0.0781929108322999
"250","gene3974","AAEL007074","",218.547384294453,-0.468981763202571,0.157802134526843,-2.97196083315841,0.00295904429912921,0.0896999748863568
"251","gene411","AAEL017483","",7583.94103235847,0.282913344057461,0.0956896103767721,2.95657326791808,0.00311078314215951,0.0920161778050423
"252","gene4215","AAEL003078","",10415.7049420619,0.305896937292051,0.105079832492651,2.91109083480358,0.00360169293502978,0.0994850596994988
"253","gene4314","AAEL012860","",5202.12710845718,-0.576643147826971,0.146486352408538,-3.93649741662461,8.26795099302005e-05,0.00963605474977036
"254","gene4356","AAEL010437","",2035.47082739971,-0.283613894840164,0.0864591940834318,-3.28032082471739,0.00103689102805392,0.0504793115490915
"255","gene4359","AAEL010434","",82994.9979649945,0.962634249005261,0.223336324145411,4.31024488599759,1.630738594419e-05,0.00317559162286526
"256","gene4376","AAEL002404","PTTH receptor (torso)",2204.87409778977,0.522299574289417,0.137914391867226,3.78712886463835,0.00015239807251148,0.0144377407034586
"257","gene4417","AAEL007560","",4275.75576862932,-0.11413907892259,0.0366606867454331,-3.11339172981554,0.00184950355651368,0.0697083856590511
"258","gene4584","AAEL017315","",24429.9815650099,0.26249977591621,0.0635570594391225,4.13014349991511,3.62536871987057e-05,0.00536187444594529
"259","gene4596","AAEL005138","",3546.53506714749,-0.406995953956255,0.127501776965973,-3.19208064107901,0.00141251890878567,0.0611015864589019
"260","gene4639","AAEL003796","",23.9559682841887,0.767374791120245,0.215171776793763,3.56633570886834,0.000362007579807677,0.0249198633516424
"261","gene4713","AAEL009574","",3325.81585356749,0.456115769719449,0.125303717282316,3.64008171195587,0.000272551534738718,0.0207672019717226
"262","gene4763","AAEL010388","",1502.80514145132,-0.210479510024543,0.0660140559318944,-3.18840445497988,0.00143060279297314,0.0611015864589019
"263","gene4765","AAEL010386","",33.7836608587827,0.760321132473936,0.227263006959168,3.34555607024306,0.000821177541727858,0.043178281639973
"264","gene4798","AAEL013531","",1130.07286993076,-0.315245614847829,0.0738919086040041,-4.26630764861237,1.98734684489001e-05,0.0035723323901069
"265","gene4848","AAEL011387","",1324.2872914438,-0.527865940238686,0.161371291234606,-3.27112670537697,0.00107119904931897,0.0514261223180861
"266","gene4929","AAEL006087","",6264.7305307562,0.212941188557107,0.0464707785591397,4.58225997410639,4.59977540577261e-06,0.00127961371050112
"267","gene4935","AAEL006075","",158.743508413733,-0.350872387479179,0.113371163767183,-3.09489975951666,0.00196879423143312,0.0722858030206121
"268","gene4944","AAEL010311","",4478.12361787063,0.149041548621513,0.041759166457199,3.56907384093197,0.000358245451377492,0.0249198633516424
"269","gene4947","AAEL010326","",838.876213524205,-0.35344594788433,0.121183916977536,-2.9166077207246,0.0035386050865672,0.0986755652301937
"270","gene4958","AAEL010318","",101055.876511648,0.419561886021832,0.0762216119115226,5.5045003050953,3.7021682102534e-08,3.60467778071673e-05
"271","gene4965","AAEL010316","",2154.49311755047,-0.178425092431934,0.0549236661655808,-3.24860128408085,0.00115973912746995,0.0539297433674986
"272","gene5035","AAEL002298","",1784.6773276827,-0.170018006190181,0.0433464241372391,-3.92230753918447,8.77049448851893e-05,0.00985331323113992
"273","gene5038","AAEL002284","",540.188946677934,-0.277978073614333,0.0829689866112632,-3.35038530621992,0.000806992212830286,0.043107719093623
"274","gene5061","AAEL002295AAEL002307","",1466.70810441023,0.277063277032885,0.0864543678947491,3.20473428676486,0.00135187217873964,0.0596868774395498
"275","gene5062","AAEL002296","",14608.1066467628,-0.387211779988748,0.113520550011683,-3.41093995711699,0.000647393461066238,0.0376325631795917
"276","gene5063","AAEL002309","",8922.1810866347,-0.464806242162756,0.1592674212799,-2.91840125511856,0.0035183128797958,0.098583494257885
"277","gene5154","AAEL004990","",909.708742650381,-0.250288092700427,0.0837637883530843,-2.98802260047508,0.00280788789918495,0.0889555612687633
"278","gene5160","AAEL012464","",5914.69793984874,-0.555461746477007,0.133793215613021,-4.15164359367524,3.30096048743597e-05,0.00514245631136025
"279","gene5174","AAEL000644","",18665.9771263063,-0.37510793913477,0.0805092404392065,-4.65919113245166,3.17454338512551e-06,0.000951060638764268
"280","gene5265","AAEL007758","",2682.48601767821,-0.396470130253065,0.13407767546062,-2.95701822761323,0.00310629754393684,0.0920161778050423
"281","gene5340","AAEL008292","Diuretic hormone 44 receptor",874.120790158429,-0.26011914880156,0.07693625692231,-3.38096963911602,0.00072230523406948,0.0408035783745361
"282","gene5367","AAEL007849","",467.228237861593,-0.318794767788487,0.0968525008590942,-3.29154915939946,0.000996372008912154,0.0487096675821323
"283","gene5451","AAEL013909","",80.6786379961777,-0.962675920573197,0.218352177284451,-4.4088221722612,1.03934320242944e-05,0.00233532422638184
"284","gene5477","AAEL007800","",109.119485682501,0.624904353731218,0.204589412319344,3.05443153996554,0.00225487471628824,0.0781779115285218
"285","gene5495","AAEL015203","",689.316229428806,0.679781800263668,0.217948646004568,3.11899987784012,0.00181466036536696,0.069276318821272
"286","gene5498","AAEL006242","",4497.21755189082,0.529560646276947,0.109702894614752,4.82722582787468,1.38448097772619e-06,0.000557802611853544
"287","gene5499","AAEL006241","",1222.72335679686,-0.523478250169085,0.101164890860978,-5.17450516393532,2.28515790650814e-07,0.000148332138775784
"288","gene5500","AAEL006240","",16524.2849051399,-0.332555452205696,0.0682222234128878,-4.87459123390096,1.09033986927569e-06,0.000482168447120784
"289","gene552","AAEL010919","",90.7320868330882,0.745710776968101,0.226239713362214,3.29610909546285,0.000980339380822207,0.0481272492669188
"290","gene5585","AAEL014715","",2315.46267561925,0.599779430681114,0.201843264663244,2.97151074959963,0.00296338499710148,0.0896999748863568
"291","gene5589","AAEL014717","",14274.4563591272,-0.210885822896203,0.05622971486845,-3.75043379447276,0.000176528910974908,0.0159888666343475
"292","gene5624","AAEL011206","",23249.7103206488,-0.481494170961645,0.125213754775449,-3.84537762504708,0.000120366925092034,0.0122902231646559
"293","gene5644","AAEL002978","",3503.49314110658,-0.203233335746984,0.0640361822432023,-3.17372661248177,0.00150495369925093,0.0621763629833925
"294","gene5728","AAEL008141","",3152.7902611667,0.673037334564572,0.22398285538798,3.00486094526631,0.00265702292205427,0.0859962765132467
"295","gene5783","AAEL000489","",1567.50104021002,0.573406592652928,0.137363410917589,4.17437648659542,2.98803273942473e-05,0.00478248966129295
"296","gene5852","AAEL004876","",736.443819148674,-0.31893082030145,0.097506313236238,-3.27087354363144,0.00107215841435023,0.0514261223180861
"297","gene5882","AAEL005406","",420.825496938325,-0.290951519633769,0.0945768573567769,-3.07635004762527,0.0020955167526611,0.0751043488898538
"298","gene5920","AAEL005255","",5782.22801381976,0.47532707351016,0.142128986082904,3.34433592056234,0.000824798020384249,0.043178281639973
"299","gene5926","AAEL005261","",2864.66754032445,-0.142214973237583,0.0486514061466504,-2.92314209395929,0.00346518342481735,0.0977951766559562
"300","gene594","AAEL011842","",2929.28242606859,-0.121260565556045,0.0384832954156496,-3.15099224861945,0.00162716808542298,0.0642291618583856
"301","gene6002","AAEL012060","Hugin/pyrokinin",20004.1857435246,0.590580689271548,0.15951506856388,3.70235047126625,0.000213611259146739,0.0186256265064963
"302","gene6008","AAEL012059","",860.837967786569,-0.183090597089986,0.0543498447480976,-3.36874186004727,0.000755121139610315,0.0414217624188119
"303","gene6048","AAEL002772","",1232.56434730854,-0.16883008264614,0.0565241305057067,-2.98686739867843,0.00281851944496648,0.0890042734999686
"304","gene6097","AAEL001471","",15506.9399961789,-0.0971247563367114,0.0322845904696613,-3.0083936306388,0.00262632722163958,0.0857151040716113
"305","gene6120","AAEL001484","",30223.570545167,0.173623276135954,0.0427254942540734,4.06369263052822,4.83024241739429e-05,0.00686415378619997
"306","gene6174","AAEL005744","",3412.89157514324,0.296775980024582,0.0969192161593789,3.06209637040965,0.00219792677413664,0.0770388921618021
"307","gene6185","AAEL005735","",477.198774980531,-0.259523998609217,0.0774341898997255,-3.35154276095988,0.000803626270627315,0.043107719093623
"308","gene6229","AAEL009115","",452.891980755742,0.401932200211271,0.101974142233508,3.94151096942691,8.09699313111436e-05,0.00955608765090304
"309","gene6296","AAEL017299","",430.824283596843,-0.684231813848904,0.205613745287491,-3.32775327297406,0.000875493666211247,0.0448327960430209
"310","gene6340","AAEL006971","",180.458447597614,0.750436404061831,0.20154040226889,3.72350355369747,0.000196477094154274,0.0175239570083858
"311","gene6369","AAEL011989","",7475.52687715121,0.157425885734996,0.0493771102418068,3.18823610705565,0.0014314360179162,0.0611015864589019
"312","gene6416","AAEL007533","",59.7258256269354,0.753208304159466,0.227344950986721,3.31306369853562,0.000922799604056857,0.0462746376557953
"313","gene6425","AAEL010469","",21456.5439251726,0.393298894156884,0.104539629108146,3.76219905802437,0.000168425910573177,0.0153741276495078
"314","gene6428","AAEL010461","",1055.42246108151,-0.250108782627814,0.0740380444638148,-3.37811167811234,0.000729854334260827,0.0408795840361317
"315","gene6444","AAEL005091","",6674.08728229633,0.301022983214796,0.102690876019729,2.93135081598645,0.00337491420619764,0.0963915296311114
"316","gene6448","AAEL013770","",8734.15413152011,0.423747986814316,0.139416362603773,3.03944227851235,0.00237016616408889,0.0800376342809669
"317","gene6450","AAEL014598","",3139.7856668622,0.447169406814335,0.148810302753396,3.00496268430668,0.00265613433952472,0.0859962765132467
"318","gene657","AAEL001170","",3060.47730501483,-0.191099795540062,0.0628242429720764,-3.0418161286082,0.00235155491782865,0.0797929421499705
"319","gene6604","AAEL008389","",9529.26459870905,0.182626710261203,0.0533495067847485,3.42321272056093,0.000618856274493466,0.0364979993422974
"320","gene6655","AAEL005684","",715.863710901962,-0.333967096455219,0.0974335098340881,-3.4276410346287,0.000608849953530133,0.0362949125359493
"321","gene6669","AAEL012616","",5473.86407892944,-0.291408905256871,0.0699120839141908,-4.16821941131869,3.0698835821026e-05,0.00484709726666037
"322","gene6714","AAEL004042","",6944.63511126766,-0.46695573797992,0.119823863677371,-3.89701786980606,9.73844359972477e-05,0.0102508085602869
"323","gene6745","AAEL004057","",1283.25288141633,-0.1455561410872,0.0470068557831563,-3.09648749447642,0.00195828121910994,0.0722858030206121
"324","gene6773","AAEL001255","",2048.81448343491,-0.233977144004381,0.0619886562776617,-3.77451550097074,0.000160318939959134,0.0147493424762403
"325","gene6777","AAEL001254","",9870.22581752868,0.259312051702047,0.0758330035868856,3.41951445197526,0.000627330001132746,0.036648618666175
"326","gene6790","AAEL001260","",534.1057733345,-0.280266920935815,0.0948420991108293,-2.95508981310403,0.0031257804137275,0.0922263089747275
"327","gene6809","AAEL015641","",1599.26529991143,-0.424967317161849,0.0901336629274941,-4.71485683993231,2.41880753388377e-06,0.000828361471715904
"328","gene6825","AAEL002591","AaegObp13",33.4783437946199,0.577368645504953,0.186838340353204,3.09020431466839,0.00200018850795274,0.0730318828966244
"329","gene6829","AAEL002607","",617.669172601455,-0.290836900480482,0.0731769304513225,-3.97443427439126,7.05467396813167e-05,0.00867650638354215
"330","gene6846","AAEL002596","AaegObp9",42.7247169944714,-0.89159441400931,0.226603880092707,-3.93459464879659,8.33372235977519e-05,0.00963605474977036
"331","gene6856","AAEL002599","",991.592106022254,-0.344821514137931,0.10889920221227,-3.16642828535871,0.00154323393231631,0.0621763629833925
"332","gene6875","AAEL011244","",454.482931249574,-0.453393727675992,0.117943554425654,-3.84415858826597,0.000120966763431652,0.0122902231646559
"333","gene6964","AAEL009442","",2163.85088182207,0.49413523244358,0.106852258183637,4.62447159136644,3.75554550027686e-06,0.00107023886890817
"334","gene6983","AAEL009080","",5937.94250696708,0.246521037999759,0.0711310096960558,3.46573230231299,0.000528789493771096,0.0326898224614893
"335","gene6992","AAEL009079","",689.121800473095,-0.346966339829384,0.108485439325461,-3.19827565788318,0.00138252056488798,0.0604892765271405
"336","gene7002","AAEL015116","",148.187265739093,0.869473777891605,0.2196969075004,3.95760590253198,7.57047262947132e-05,0.00921389606278571
"337","gene7007","AAEL010861","",1809.17751127236,-0.213518006478042,0.0732789346429408,-2.91377061523111,0.00357092187427883,0.0993396456644615
"338","gene7028","AAEL009300","",8760.59707752156,0.361180989721272,0.0756515849766348,4.7742686400136,1.80361494088738e-06,0.000658544905291503
"339","gene7031","AAEL009303","",843.253720975135,-0.291969840914528,0.0796871425590395,-3.66395169331376,0.000248353644341844,0.0204349576090852
"340","gene7101","AAEL007671","",3819.96585915657,0.323159974620353,0.0532764378029745,6.06572038122095,1.3136350415883e-09,3.06970236518353e-06
"341","gene7142","AAEL005289","",9781.62418790914,-0.960901913144431,0.130415863599526,-7.36798336201734,1.73228400578546e-13,2.02400063235973e-09
"342","gene7172","AAEL017353","",471.693452708575,0.458018427561337,0.123793838430204,3.69984833954053,0.000215728347853268,0.0186708890097599
"343","gene7186","AAEL013648","",82.8486076090507,0.644438649515477,0.214404043338703,3.00572059873624,0.00264952330508382,0.0859962765132467
"344","gene7288","AAEL003523","",64.3716775373582,-0.568705943916481,0.181645601746586,-3.13085446852649,0.00174298511369629,0.0674339008888328
"345","gene7303","AAEL003512","",795.958267416143,0.604335067276523,0.190538782311745,3.17171685440792,0.00151540679529583,0.0621763629833925
"346","gene7310","AAEL003528","",2541.34098245096,-0.152456432392324,0.0409755993748961,-3.72066387601709,0.00019869975533453,0.0175750834906197
"347","gene7361","AAEL014261","",10832.3146302184,0.192136323908584,0.0622038498309979,3.08881724251153,0.00200955015601033,0.0731451215664322
"348","gene749","AAEL003412","",9028.76422415269,0.295101498704847,0.0571962277734788,5.15945736620207,2.47666611868866e-07,0.000152301931214518
"349","gene7518","AAEL000724","",1178.73653532532,-0.203094213978411,0.0516837342420643,-3.92955766367821,8.51022673463115e-05,0.00965373681237188
"350","gene7586","AAEL017458","",1362.34829559336,-0.527037900030782,0.0888235416667784,-5.93353845321733,2.96474522005782e-09,4.33001039389444e-06
"351","gene7607","AAEL010559","",1393.63543947017,-0.170064335797209,0.0530391169247253,-3.20639455665465,0.00134409554522627,0.0596868774395498
"352","gene7713","AAEL015298","",720.965318233418,0.777343491726881,0.224852596578823,3.45712481667687,0.000545971904652714,0.0333986164081796
"353","gene7714","AAEL008049","",830.220879024003,-0.352626155995172,0.104290512794707,-3.38119112223857,0.000721723241274579,0.0408035783745361
"354","gene7762","AAEL007492","",648.566915967974,-0.2386157933763,0.0769282042466554,-3.10179856286811,0.00192348797260076,0.0718020238717803
"355","gene7786","AAEL014436","",3765.87841515689,-0.470054376659748,0.159995977937266,-2.93791370708116,0.0033042898161064,0.0955626787410573
"356","gene7800","AAEL000292","",581.391487631905,-0.203693592377633,0.0682869897161768,-2.98290484357636,0.00285526750984984,0.0894655414933786
"357","gene7899","AAEL017140","",8129.76322918543,0.321198741839001,0.100747096338463,3.18816872656978,0.00143176963772636,0.0611015864589019
"358","gene7900","AAEL017241","",2127.64959691346,0.455507000781637,0.156081552321217,2.918391020639,0.00351842837260682,0.098583494257885
"359","gene7921","AAEL014965","",11461.1703550647,0.397788770614314,0.0917349956607116,4.33628156571309,1.44913294417186e-05,0.00286977446096679
"360","gene7936","AAEL000444","",13920.9687655437,0.215613752851031,0.060766796682061,3.54821653639482,0.000387849222914372,0.0258950304030372
"361","gene7995","AAEL000415","",7136.56061099885,-0.774742782656673,0.112960626588387,-6.85852058416538,6.95773075729291e-12,3.76290338334932e-08
"362","gene8035","AAEL013955","",1424.51954273129,0.565528593411615,0.18595353791588,3.04123599771167,0.00235609081151488,0.0797929421499705
"363","gene8074","AAEL010693","",1990.26329719277,0.307755242088979,0.0919108482375182,3.34841042151706,0.000812765505551528,0.0431652371221094
"364","gene8105","AAEL000006AAEL000025","",4785.26883543296,-0.782178536659065,0.194786119654302,-4.01557635650447,5.93006951155532e-05,0.00796401519230027
"365","gene8146","AAEL000080","",3452.49313415556,-0.589336040165043,0.198153593486242,-2.97413753541624,0.00293813349951398,0.0896999748863568
"366","gene8168","AAEL000094","",131.234893089114,0.7372410348166,0.218359211896254,3.37627631284397,0.000734740897602503,0.0408795840361317
"367","gene8182","AAEL014693","",6367.21674546003,0.525078130474923,0.160918752758701,3.26300149282341,0.00110238939179853,0.0522557437292803
"368","gene8190","AAEL014610","",1929.92675414844,-0.401478142020059,0.134103116436316,-2.9938017302582,0.00275524926672184,0.0879571924381913
"369","gene8199","AAEL014609","",17773.7422458548,-0.439860275036372,0.126229290348316,-3.48461338745252,0.00049284859327722,0.0311267187235191
"370","gene8202","AAEL017366","",1612.48276512027,-0.541462082828819,0.160553985053732,-3.37246118585976,0.000744995862275816,0.0412537045252637
"371","gene8209","AAEL013249","",2727.34926292173,0.2578493218631,0.0613557148684084,4.20253145800873,2.63946553780342e-05,0.0043435937103796
"372","gene8329","AAEL018241","",1236.5438048619,0.777628009185978,0.228656331074298,3.40085929627421,0.000671743939440994,0.0386633309774807
"373","gene8332","AAEL011764","",364.134929641033,1.05099236514816,0.222355714344842,4.72662628997348,2.28280836333681e-06,0.000808252512643251
"374","gene8335","AAEL011763","",874.290754406183,0.832138006229131,0.228673441388378,3.63897967851821,0.000273720395724519,0.0207672019717226
"375","gene8346","AAEL014999","",10645.6515206028,0.562597659648871,0.152179126362932,3.696943681403,0.000218210727315511,0.0187468686614297
"376","gene8397","AAEL004676","",3813.2821906985,-0.704353237927529,0.142029911274077,-4.9591894524832,7.07879081961214e-07,0.000344619133068118
"377","gene8419","AAEL012376","",106.915907126639,0.598399498022825,0.164747366503421,3.63222496798089,0.000280987988690481,0.0210452798708947
"378","gene8432","AAEL014056","",552.196245018778,0.22351174487822,0.0762667421954857,2.93065808823089,0.00338244840369357,0.0963915296311114
"379","gene8451","AAEL013134","",1090.70196696956,0.235945423331257,0.0764770918914563,3.08517776363847,0.0020343052762633,0.0736602844100368
"380","gene8665","RU107","",177.560937368384,0.746804063586566,0.229041237017559,3.26056597192283,0.00111190097562745,0.0523848830614158
"381","gene8702","AAEL012196","",66.7975390822294,-0.701013886933012,0.228976566404286,-3.06150929739809,0.00220224152533737,0.0770388921618021
"382","gene8724","AAEL015336","",871.771173077384,0.895332888183128,0.191156275858918,4.68377448849194,2.8163986203553e-06,0.000914077818895316
"383","gene8725","AAEL015335","",1210.27512450822,0.874656582774025,0.200625713472609,4.35964347557792,1.30274516703799e-05,0.00268049674656707
"384","gene8864","AAEL002815","",30060.5744372868,0.325974825796669,0.0692142025137887,4.70965226727462,2.48139776703669e-06,0.000828361471715904
"385","gene891","AAEL004685","",14301.3500685801,-0.284172261955264,0.072683647145723,-3.90971385056571,9.24055185600237e-05,0.00999690813754923
"386","gene8938","AAEL013583","",366.784653653568,-0.725927372704136,0.216358321658208,-3.35520892906038,0.000793050644966946,0.0430976917943898
"387","gene8986","AAEL011533","",1310.95879584434,-0.22579846044476,0.0762046310618352,-2.96305430914742,0.00304602821077863,0.0907902898335139
"388","gene8987","AAEL011529","",180.718016921697,-0.606810375539707,0.198905305172534,-3.05075007935736,0.00228270494729156,0.0781929108322999
"389","gene9037","AAEL016961","",211.569440631941,0.375224835295786,0.127841208159396,2.93508517870031,0.00333456137278363,0.0959630913290736
"390","gene9146","AAEL006771","",1200.07539557938,-0.225693714363073,0.0619961496627432,-3.64044727923973,0.000272164833831365,0.0207672019717226
"391","gene9170","AAEL008412","",1524.16894359929,0.360710911758151,0.112607267240507,3.20326494548299,0.00135878910979788,0.0596868774395498
"392","gene9239","AAEL007375","",19096.9776032553,-0.23420049130876,0.0796946661856876,-2.93872228240565,0.00329568238100354,0.0955502554333631
"393","gene924","AAEL009038","",3874.51951407374,-0.507781157730404,0.148387339327496,-3.42199786067808,0.000621628027141148,0.0364979993422974
"394","gene925","AAEL015181","",198.508321728433,0.468010939431717,0.157109338325584,2.97888683396934,0.00289297602320928,0.0895417383525051
"395","gene9256","AAEL008319","",3036.02534234012,-0.18542138109112,0.0508756295034942,-3.64460121477975,0.00026780672804926,0.0207672019717226
"396","gene9309","AAEL012567","",571.335059195047,-0.488998475240234,0.101974978584109,-4.79527901873406,1.62448560241664e-06,0.00061227386382697
"397","gene9314","AAEL018243","",1555.7828269639,0.340232855611704,0.0806484084690406,4.21871754285532,2.45695839775495e-05,0.00415512269698694
"398","gene932","AAEL010675","",2777.91102346434,0.244068770103969,0.0819890316122255,2.97684660136387,0.00291229685769037,0.0895454644348796
"399","gene9334","AAEL013452","",29.4771727190344,0.762900332146708,0.228185751828152,3.3433302738431,0.000827793143388733,0.043178281639973
"400","gene939","AAEL010662AAEL010666","AaegObp43, AaegObp42",323.950078330135,0.768336308265584,0.229155620701029,3.35290186605549,0.00079969055014931,0.043107719093623
"401","gene9419","AAEL001722","",6880.71401378592,-0.498214581741116,0.131206647229117,-3.79717485556291,0.000146354556473674,0.0141322862631274
"402","gene9430","AAEL014927","",344.634266830753,0.674723344035617,0.165152019072557,4.08546833290114,4.39879999127366e-05,0.00634513322198042
"403","gene9441","AAEL002501","",17922.7738616883,-0.130708456701321,0.0403446327849349,-3.23979790318302,0.00119614445126569,0.0547289488725925
"404","gene9468","AAEL002529","",1104.50859989055,-0.206349811255219,0.0692991525495474,-2.97766716710834,0.00290451205371443,0.0895417383525051
"405","gene953","AAEL010656","",460.01210431403,0.785173742694318,0.228876945687518,3.43054972328363,0.000602359564281677,0.0360921494823954
"406","gene9552","AAEL000163","",1463.24965702415,-0.170485813971545,0.0568414835741519,-2.99932027194786,0.0027058271132938,0.0868540769003427
"407","gene9588","AAEL000164","",492.859421801468,-0.447758476679543,0.112350749542325,-3.98536261220813,6.73771530624343e-05,0.00846488877829551
"408","gene96","AAEL008902","",8709.07906792164,0.283868463577814,0.091444950167161,3.10425521648712,0.00190758703201952,0.071436688724731
"409","gene9616","AAEL003620","",23.2320398539506,0.896342874868481,0.221583138466503,4.04517636617906,5.22837480959454e-05,0.00727242038991697
"410","gene9652","AAEL006578","",1361.40978585022,0.60537949894578,0.12611405525506,4.80025400595857,1.58464514310878e-06,0.00061227386382697
"411","gene9660","AAEL006571","",1480.56121791749,-0.219429546662734,0.0706084159935428,-3.10769677488306,0.00188551416446555,0.0708371302174131
"412","gene9661","AAEL006574","",172.344324766341,0.565234888314387,0.160077871258693,3.53099953085296,0.000413992482222615,0.0271746525971294
"413","gene9663","AAEL006582","",47279.2295622967,0.512912153137239,0.17383314477184,2.95060043819864,0.00317156908523317,0.0930070062375959
"414","gene9669","AAEL006569","",725.868598436572,0.515454127713298,0.16738757517907,3.07940495082666,0.0020741454253599,0.0745671235381693
"415","gene9670","AAEL006580","",252.135595149488,0.465540532185433,0.149445522362443,3.11511863872629,0.00183870939503208,0.0697083856590511
"416","gene9708","AAEL001134","",28093.0052064206,-0.374855778624698,0.115728822568396,-3.23908746590035,0.00119912794517149,0.0547289488725925
"417","gene9734","AAEL015036","",1433.3545188012,-0.41848047096404,0.0699203541065442,-5.9851022826109,2.16253921918305e-09,3.60958689099067e-06
"418","gene9741","AAEL014792","",10321.8541995111,0.553490953975733,0.186437438025187,2.96877579867279,0.00298988657627602,0.0898042024606916
"419","gene9762","AAEL010170","",7964.36299252294,0.182430272345184,0.0501769142523095,3.63574115833134,0.000277182547711466,0.0208941992739404
"420","gene9789","AAEL018211","",25520.5176611601,0.407044676130985,0.0634850817398259,6.41165869170859,1.43944815169185e-10,4.20462805109188e-07
"421","gene9865","AAEL014732","",3703.14833888646,0.357933230554276,0.107592942342464,3.32673521851452,0.000878698244937674,0.0448327960430209
"422","gene9877","AAEL013128","",11370.712163971,0.396469949750755,0.129878580325146,3.05261998366635,0.00226853020555878,0.0781873360523564
"423","gene9963","AAEL017993","",130.286540155272,0.46641417566972,0.146715167450491,3.17904538279665,0.00147760954493063,0.0618795337740841
"424","gene9966","AAEL009126","",72.9308280147714,0.684960210649844,0.192641084861405,3.55562891032636,0.000377075999314339,0.0257348419852397
